invoice_id,flagged,error_category,expected_total_cents,billed_total_cents,confidence
INV-H2-000001,0,,,1562227,0.40
INV-H2-000002,0,,3209350,3209350,0.85
INV-H2-000003,0,,2215650,2215650,0.85
INV-H2-000004,0,,,3434580,0.40
INV-H2-000005,0,,,1887000,0.40
INV-H2-000006,0,,,2905616,0.40
INV-H2-000007,1,wrong_unit_basis|malformed_service_date,,2120830,0.40
INV-H2-000008,0,,,1117300,0.40
INV-H2-000009,0,,,2109715,0.40
INV-H2-000010,0,,,5027175,0.40
INV-H2-000011,0,,,2230050,0.40
INV-H2-000012,0,,,1365950,0.40
INV-H2-000013,1,premium_omitted|service_date_after_invoice_date,,2748025,0.40
INV-H2-000014,0,,,2026480,0.40
INV-H2-000015,0,,,3265271,0.40
INV-H2-000016,1,invoice_total_mismatch,,3222650,0.85
INV-H2-000017,0,,,3403600,0.40
INV-H2-000018,0,,,3343125,0.40
INV-H2-000019,0,,,2170800,0.40
INV-H2-000020,0,,,3676525,0.40
INV-H2-000021,0,,,3182650,0.40
INV-H2-000022,0,,,4508450,0.40
INV-H2-000023,0,,,2161250,0.40
INV-H2-000024,0,,,4052564,0.40
INV-H2-000025,0,,,2670700,0.40
INV-H2-000026,0,,2129225,2129225,0.85
INV-H2-000027,0,,4051625,4051625,0.85
INV-H2-000028,0,,,3711681,0.40
INV-H2-000029,0,,,2935775,0.40
INV-H2-000030,0,,,1661900,0.40
INV-H2-000031,0,,,1033775,0.40
INV-H2-000032,0,,,3807325,0.40
INV-H2-000033,0,,2413432,2413432,0.85
INV-H2-000034,0,,,3110520,0.40
INV-H2-000035,0,,,1918666,0.40
INV-H2-000036,0,,,1734643,0.40
INV-H2-000037,0,,,851304,0.65
INV-H2-000038,0,,2530615,2530615,0.85
INV-H2-000039,0,,,2742525,0.40
INV-H2-000040,0,,,3317176,0.40
INV-H2-000041,0,,1416025,1416025,0.65
INV-H2-000042,0,,,2648275,0.40
INV-H2-000043,0,,,2887910,0.40
INV-H2-000044,0,,,2090343,0.40
INV-H2-000045,1,unit_price_mismatch,3414412,3341612,0.65
INV-H2-000046,0,,,3695616,0.40
INV-H2-000047,0,,,2089808,0.40
INV-H2-000048,0,,,1148850,0.40
INV-H2-000049,0,,,1738588,0.65
INV-H2-000050,0,,,1662879,0.40
INV-H2-000051,0,,,2608625,0.40
INV-H2-000052,0,,,2851444,0.40
INV-H2-000053,0,,,2370600,0.40
INV-H2-000054,1,duplicate_invoice_id|premium_omitted,,1893669,0.40
INV-H2-000055,1,unknown_service,,2926577,0.40
INV-H2-000056,0,,1625475,1625475,0.85
INV-H2-000057,0,,,3320487,0.40
INV-H2-000058,0,,,3263975,0.40
INV-H2-000059,0,,1840438,1840438,0.85
INV-H2-000060,0,,,4650162,0.40
INV-H2-000061,0,,,4636871,0.40
INV-H2-000062,1,unknown_service,,2715547,0.40
INV-H2-000063,0,,,1962163,0.40
INV-H2-000064,0,,,4804408,0.40
INV-H2-000065,0,,,4090090,0.40
INV-H2-000066,0,,,4551702,0.40
INV-H2-000067,0,,,3986872,0.40
INV-H2-000068,0,,,2625251,0.40
INV-H2-000069,0,,,2863675,0.40
INV-H2-000070,0,,,2364178,0.40
INV-H2-000071,0,,1194005,1194005,0.85
INV-H2-000072,0,,1542567,1542567,0.65
INV-H2-000073,0,,,4659849,0.65
INV-H2-000074,0,,,4990685,0.40
INV-H2-000075,0,,,2409213,0.40
INV-H2-000076,0,,2055003,2055003,0.65
INV-H2-000077,0,,,965993,0.40
INV-H2-000078,1,duplicate_invoice_id|premium_omitted|service_date_after_invoice_date,1551360,1481960,0.65
INV-H2-000079,0,,,858946,0.65
INV-H2-000080,0,,884256,884256,0.85
INV-H2-000081,0,,,2653560,0.40
INV-H2-000082,0,,,3097359,0.40
INV-H2-000083,0,,4755725,4755725,0.65
INV-H2-000084,0,,,2242000,0.40
INV-H2-000085,0,,,5872703,0.40
INV-H2-000086,0,,1449553,1449553,0.85
INV-H2-000087,0,,,3307731,0.40
INV-H2-000088,0,,,3588422,0.40
INV-H2-000089,0,,,3697715,0.40
INV-H2-000090,0,,,3858478,0.65
INV-H2-000091,0,,,848706,0.40
INV-H2-000092,0,,,1588499,0.40
INV-H2-000093,0,,,2321254,0.40
INV-H2-000094,0,,,3478889,0.40
INV-H2-000095,0,,,1567051,0.40
INV-H2-000096,0,,,3582167,0.40
INV-H2-000097,0,,1918135,1918135,0.85
INV-H2-000099,0,,,3671140,0.40
INV-H2-000100,0,,,1012872,0.40
INV-H2-000101,0,,,1444535,0.40
INV-H2-000102,0,,,2698803,0.40
INV-H2-000103,0,,1800098,1800098,0.65
INV-H2-000104,1,duplicate_invoice_id|premium_incorrectly_applied,1834047,1886279,0.65
INV-H2-000105,0,,,3415883,0.40
INV-H2-000106,0,,,1684549,0.40
INV-H2-000107,0,,,1770255,0.40
INV-H2-000108,0,,939000,939000,0.85
INV-H2-000109,0,,3566239,3566239,0.85
INV-H2-000110,0,,,2818189,0.40
INV-H2-000111,0,,,3132384,0.40
INV-H2-000112,0,,,1682241,0.40
INV-H2-000113,0,,,2118730,0.40
INV-H2-000114,0,,,2359940,0.40
INV-H2-000115,0,,456187,456187,0.85
INV-H2-000116,0,,,4099404,0.65
INV-H2-000117,0,,,3016765,0.40
INV-H2-000118,0,,,2780153,0.40
INV-H2-000119,0,,,1653293,0.40
INV-H2-000120,0,,2187675,2187675,0.85
INV-H2-000121,0,,,3457550,0.65
INV-H2-000122,0,,,1592510,0.40
INV-H2-000123,0,,,3067605,0.40
INV-H2-000124,0,,,856654,0.40
INV-H2-000125,0,,,3396593,0.40
INV-H2-000126,0,,,2878543,0.40
INV-H2-000127,0,,1721114,1721114,0.85
INV-H2-000128,0,,,3137006,0.40
INV-H2-000129,0,,,1656345,0.40
INV-H2-000130,0,,,3005248,0.40
INV-H2-000131,0,,,1951976,0.40
INV-H2-000132,0,,,413865,0.65
INV-H2-000133,0,,830125,830125,0.85
INV-H2-000134,0,,,3628983,0.40
INV-H2-000135,0,,,1727577,0.40
INV-H2-000136,0,,,1844743,0.65
INV-H2-000137,0,,,584584,0.40
INV-H2-000138,0,,,2748673,0.40
INV-H2-000139,0,,498875,498875,0.85
INV-H2-000140,0,,,2595642,0.40
INV-H2-000141,0,,,3511113,0.40
INV-H2-000142,0,,,4792284,0.40
INV-H2-000143,0,,,3650784,0.40
INV-H2-000144,1,unit_price_mismatch,,767964,0.40
INV-H2-000145,0,,2771471,2771471,0.85
INV-H2-000146,0,,,1528394,0.40
INV-H2-000147,1,duplicate_invoice_id,4149703,4149703,0.85
INV-H2-000148,0,,,607093,0.40
INV-H2-000149,0,,,2852913,0.40
INV-H2-000150,1,malformed_service_date|wrong_unit_basis,,953604,0.40
INV-H2-000151,0,,,3698278,0.40
INV-H2-000152,0,,,2943880,0.40
INV-H2-000153,0,,,1484485,0.40
INV-H2-000154,0,,,3612189,0.65
INV-H2-000155,0,,,2297545,0.40
INV-H2-000156,0,,,3133358,0.40
INV-H2-000157,0,,,849911,0.65
INV-H2-000158,0,,,2430168,0.40
INV-H2-000159,0,,,1139386,0.40
INV-H2-000160,0,,,2010188,0.40
INV-H2-000161,0,,,2566739,0.40
INV-H2-000162,0,,,1152086,0.40
INV-H2-000163,0,,,3654320,0.40
INV-H2-000164,0,,,4160466,0.40
INV-H2-000165,0,,,1853491,0.40
INV-H2-000166,0,,,2087494,0.40
INV-H2-000167,0,,,2496350,0.40
INV-H2-000168,0,,,3421831,0.40
INV-H2-000169,0,,,2073831,0.40
INV-H2-000170,0,,,1978684,0.40
INV-H2-000171,1,invoice_total_mismatch|line_total_arithmetic,,2999762,0.85
INV-H2-000172,0,,,5047206,0.40
INV-H2-000173,0,,,2477099,0.40
INV-H2-000174,0,,,2007600,0.40
INV-H2-000175,0,,,2721039,0.40
INV-H2-000176,1,line_total_arithmetic|unknown_service,,791325,0.40
INV-H2-000177,0,,,2888495,0.40
INV-H2-000178,0,,,1810565,0.40
INV-H2-000179,0,,2861237,2861237,0.65
INV-H2-000180,0,,,3160638,0.40
INV-H2-000181,0,,2280275,2280275,0.65
INV-H2-000182,0,,3424525,3424525,0.85
INV-H2-000183,1,contract_number_mismatch,,1041743,0.85
INV-H2-000184,0,,,2567831,0.40
INV-H2-000185,0,,1077654,1077654,0.85
INV-H2-000186,0,,,2261042,0.40
INV-H2-000187,0,,,2911019,0.40
INV-H2-000188,0,,1848168,1848168,0.85
INV-H2-000189,0,,1322741,1322741,0.85
INV-H2-000190,0,,,3942015,0.40
INV-H2-000191,0,,,3121011,0.40
INV-H2-000192,0,,,3569501,0.40
INV-H2-000193,0,,1426275,1426275,0.85
INV-H2-000194,0,,,2190295,0.40
INV-H2-000195,0,,,2195990,0.40
INV-H2-000196,0,,,2338637,0.40
INV-H2-000197,1,duplicate_invoice_id,,3522408,0.85
INV-H2-000198,0,,,2726444,0.40
INV-H2-000199,0,,,3747628,0.40
INV-H2-000200,0,,,3195170,0.40
INV-H2-000201,0,,,1373725,0.40
INV-H2-000202,0,,,1575784,0.40
INV-H2-000203,0,,,2193175,0.40
INV-H2-000204,0,,,2552210,0.40
INV-H2-000205,0,,,1747464,0.40
INV-H2-000206,0,,1642121,1642121,0.85
INV-H2-000207,0,,,5339128,0.40
INV-H2-000208,0,,894341,894341,0.65
INV-H2-000209,1,service_date_after_invoice_date,,2987990,0.40
INV-H2-000210,0,,,2021915,0.65
INV-H2-000211,0,,,3224183,0.40
INV-H2-000212,0,,,2399862,0.40
INV-H2-000213,0,,,2036345,0.40
INV-H2-000214,0,,,1874579,0.40
INV-H2-000215,0,,,2866903,0.65
INV-H2-000216,0,,,2947675,0.40
INV-H2-000217,0,,,812063,0.40
INV-H2-000218,0,,,2870834,0.40
INV-H2-000219,0,,,5249200,0.40
INV-H2-000220,0,,,5611650,0.40
INV-H2-000221,0,,2093653,2093653,0.85
INV-H2-000222,0,,1692095,1692095,0.85
INV-H2-000223,0,,,1363298,0.40
INV-H2-000224,0,,,819455,0.40
INV-H2-000225,0,,,3822242,0.40
INV-H2-000226,0,,,2365736,0.40
INV-H2-000227,0,,,2047798,0.40
INV-H2-000228,0,,,1700169,0.40
INV-H2-000229,0,,,2115083,0.40
INV-H2-000230,0,,,1871100,0.40
INV-H2-000231,0,,,2671449,0.40
INV-H2-000232,0,,,554808,0.40
INV-H2-000233,0,,2080723,2080723,0.85
INV-H2-000234,0,,,2980929,0.40
INV-H2-000235,0,,,1316842,0.40
INV-H2-000236,0,,,3576685,0.40
INV-H2-000237,0,,,2847629,0.40
INV-H2-000238,1,bundle_not_applied|volume_discount_omitted,,4112722,0.40
INV-H2-000239,1,contract_number_mismatch|line_total_arithmetic,1141915,1140915,0.85
INV-H2-000240,0,,,2425661,0.40
INV-H2-000241,0,,,1809995,0.40
INV-H2-000242,0,,1754517,1754517,0.85
INV-H2-000243,0,,,1572770,0.40
INV-H2-000244,0,,,2875784,0.40
INV-H2-000245,0,,,3639816,0.40
INV-H2-000246,0,,,3928710,0.40
INV-H2-000247,0,,,2158429,0.40
INV-H2-000248,1,service_date_out_of_contract,,2944030,0.85
INV-H2-000249,1,contract_number_mismatch|unknown_service,,622800,0.40
INV-H2-000250,0,,,3640555,0.40
INV-H2-000251,0,,,3991755,0.40
INV-H2-000252,0,,,2386515,0.40
INV-H2-000253,0,,,2100395,0.40
INV-H2-000254,0,,3152453,3152453,0.85
INV-H2-000255,0,,,1298069,0.40
INV-H2-000256,0,,,1269959,0.40
INV-H2-000257,0,,,1700570,0.40
INV-H2-000258,0,,4756505,4756505,0.85
INV-H2-000259,0,,,2120226,0.40
INV-H2-000260,0,,,3875219,0.40
INV-H2-000261,0,,,1770116,0.40
INV-H2-000262,0,,,1413500,0.40
INV-H2-000263,0,,1002747,1002747,0.65
INV-H2-000264,0,,,1903274,0.40
INV-H2-000265,0,,676285,676285,0.65
INV-H2-000266,0,,,4335855,0.40
INV-H2-000267,0,,,1646604,0.40
INV-H2-000268,0,,,1812741,0.40
INV-H2-000269,0,,,3633017,0.40
INV-H2-000270,0,,,1930440,0.40
INV-H2-000271,0,,,2348347,0.40
INV-H2-000272,0,,,1775741,0.40
INV-H2-000273,0,,,3626296,0.40
INV-H2-000274,0,,,2988227,0.40
INV-H2-000275,0,,,2399610,0.40
INV-H2-000276,0,,,2928873,0.40
INV-H2-000277,0,,1961152,1961152,0.65
INV-H2-000278,0,,,2892472,0.40
INV-H2-000279,0,,,4108959,0.40
INV-H2-000280,0,,984725,984725,0.85
INV-H2-000281,0,,1820081,1820081,0.85
INV-H2-000282,0,,,3803564,0.40
INV-H2-000283,0,,,4143970,0.40
INV-H2-000284,0,,,2119699,0.40
INV-H2-000285,0,,,3080963,0.40
INV-H2-000286,0,,1015150,1015150,0.85
INV-H2-000287,0,,,4273074,0.40
INV-H2-000288,0,,,1708690,0.40
INV-H2-000289,0,,,1786174,0.40
INV-H2-000290,1,duplicate_invoice_id|wrong_unit_basis|exclusion_window_violation,,2219418,0.40
INV-H2-000291,0,,,1924615,0.40
INV-H2-000292,0,,,4047004,0.40
INV-H2-000293,0,,2436845,2436845,0.85
INV-H2-000294,0,,,2842445,0.40
INV-H2-000295,0,,,2049905,0.40
INV-H2-000296,0,,,5013599,0.40
INV-H2-000297,0,,,4453610,0.40
INV-H2-000298,0,,,2795685,0.40
INV-H2-000299,1,contract_number_mismatch,3677863,3677863,0.85
INV-H2-000300,0,,,2910739,0.40
INV-H2-000301,0,,,3775268,0.40
INV-H2-000302,0,,,719120,0.40
INV-H2-000303,0,,,2394717,0.40
INV-H2-000304,0,,1250195,1250195,0.85
INV-H2-000305,0,,,1720763,0.40
INV-H2-000306,1,premium_incorrectly_applied,,3762607,0.40
INV-H2-000307,0,,,2666334,0.40
INV-H2-000308,0,,1342511,1342511,0.65
INV-H2-000309,0,,,2638802,0.40
INV-H2-000310,0,,,3367575,0.40
INV-H2-000311,0,,,2948572,0.40
INV-H2-000312,0,,1517532,1517532,0.65
INV-H2-000313,0,,,2230605,0.65
INV-H2-000314,0,,,2579449,0.40
INV-H2-000315,1,wrong_unit_basis|unknown_service,,1836941,0.40
INV-H2-000316,0,,,2822219,0.65
INV-H2-000317,0,,,726065,0.40
INV-H2-000318,0,,,3066075,0.40
INV-H2-000319,0,,,1282121,0.40
INV-H2-000320,0,,,3982500,0.40
INV-H2-000321,0,,,1973038,0.40
INV-H2-000322,0,,1263762,1263762,0.85
INV-H2-000323,0,,,323654,0.40
INV-H2-000324,0,,,2313314,0.40
INV-H2-000325,1,bundle_not_applied,,1666784,0.40
INV-H2-000326,0,,,872000,0.40
INV-H2-000327,0,,,3386714,0.40
INV-H2-000328,0,,2670780,2670780,0.85
INV-H2-000329,0,,966437,966437,0.85
INV-H2-000330,0,,,1553631,0.40
INV-H2-000331,0,,,2670468,0.40
INV-H2-000332,0,,,3646221,0.40
INV-H2-000333,0,,1201594,1201594,0.85
INV-H2-000334,0,,,2990147,0.40
INV-H2-000335,0,,,4659898,0.40
INV-H2-000336,0,,,3720232,0.40
INV-H2-000337,0,,,2289976,0.40
INV-H2-000338,0,,,1967325,0.40
INV-H2-000339,0,,,2689112,0.40
INV-H2-000340,0,,2243925,2243925,0.85
INV-H2-000341,0,,,1736250,0.40
INV-H2-000342,0,,,3732648,0.40
INV-H2-000343,0,,,5344806,0.40
INV-H2-000344,0,,,2731884,0.40
INV-H2-000345,0,,,1708455,0.40
INV-H2-000346,0,,,2408216,0.40
INV-H2-000347,0,,,1874095,0.40
INV-H2-000348,0,,,2412300,0.40
INV-H2-000349,0,,,2377553,0.40
INV-H2-000350,0,,1775933,1775933,0.85
INV-H2-000351,0,,,2239547,0.65
INV-H2-000352,0,,,2541076,0.40
INV-H2-000353,0,,,1977554,0.40
INV-H2-000354,0,,882912,882912,0.85
INV-H2-000355,0,,,961604,0.40
INV-H2-000356,0,,,3469305,0.40
INV-H2-000357,0,,,2918301,0.40
INV-H2-000358,0,,1182388,1182388,0.65
INV-H2-000359,0,,,1422806,0.40
INV-H2-000360,0,,2099040,2099040,0.65
INV-H2-000361,0,,3203010,3203010,0.65
INV-H2-000362,0,,,2580301,0.40
INV-H2-000363,0,,,2604594,0.40
INV-H2-000364,0,,,4278783,0.40
INV-H2-000365,0,,,2527754,0.40
INV-H2-000366,0,,,3640315,0.40
INV-H2-000367,0,,,4036760,0.40
INV-H2-000368,0,,,3089495,0.40
INV-H2-000369,0,,,4816109,0.40
INV-H2-000370,0,,1838604,1838604,0.85
INV-H2-000371,0,,,606294,0.40
INV-H2-000372,0,,,3452468,0.40
INV-H2-000373,0,,,1563990,0.40
INV-H2-000374,0,,,4311933,0.40
INV-H2-000375,0,,,2117844,0.40
INV-H2-000376,1,service_date_after_invoice_date|daily_cap_exceeded,,2933550,0.40
INV-H2-000377,0,,2352231,2352231,0.65
INV-H2-000378,0,,,3569028,0.40
INV-H2-000379,0,,,1395717,0.65
INV-H2-000380,0,,,1072638,0.65
INV-H2-000381,0,,536246,536246,0.85
INV-H2-000382,0,,,2908946,0.40
INV-H2-000383,0,,,1996262,0.40
INV-H2-000384,0,,,3920041,0.40
INV-H2-000385,0,,,2066280,0.40
INV-H2-000386,0,,,1412868,0.40
INV-H2-000387,0,,3190686,3190686,0.65
INV-H2-000388,0,,,1327618,0.40
INV-H2-000389,0,,,898556,0.40
INV-H2-000390,0,,,1681972,0.40
INV-H2-000391,0,,,1410986,0.40
INV-H2-000392,0,,,3198125,0.40
INV-H2-000393,0,,,2854089,0.40
INV-H2-000394,0,,,1198540,0.40
INV-H2-000395,0,,,2315813,0.40
INV-H2-000396,0,,,1899716,0.40
INV-H2-000397,0,,,1363725,0.40
INV-H2-000398,0,,,4717063,0.40
INV-H2-000399,0,,1760409,1760409,0.85
INV-H2-000400,0,,2854742,2854742,0.85
INV-H2-000401,0,,1154624,1154624,0.85
INV-H2-000402,0,,,2787726,0.40
INV-H2-000403,0,,,2788224,0.40
INV-H2-000404,0,,1430615,1430615,0.65
INV-H2-000405,0,,,554880,0.40
INV-H2-000406,0,,,4333007,0.40
INV-H2-000407,0,,,2348296,0.40
INV-H2-000408,0,,3847130,3847130,0.65
INV-H2-000409,0,,,2308918,0.40
INV-H2-000410,0,,,1095747,0.40
INV-H2-000411,0,,,659984,0.40
INV-H2-000412,0,,,748067,0.40
INV-H2-000413,0,,,2121975,0.40
INV-H2-000414,0,,1289277,1289277,0.85
INV-H2-000415,0,,,1366701,0.40
INV-H2-000416,0,,,1882350,0.40
INV-H2-000417,0,,,2886177,0.40
INV-H2-000418,0,,,3790376,0.40
INV-H2-000419,0,,,1346041,0.40
INV-H2-000420,0,,,1997150,0.40
INV-H2-000421,0,,,2124205,0.40
INV-H2-000422,1,bundle_not_applied|malformed_service_date,,2442022,0.40
INV-H2-000423,0,,,2257247,0.40
INV-H2-000424,0,,,3020005,0.40
INV-H2-000425,0,,,2119373,0.40
INV-H2-000426,0,,,1683811,0.40
INV-H2-000427,0,,,2581960,0.40
INV-H2-000428,0,,,865265,0.40
INV-H2-000429,0,,,3033400,0.40
INV-H2-000430,0,,2119852,2119852,0.85
INV-H2-000431,0,,,3036250,0.40
INV-H2-000432,1,invoice_total_mismatch|line_total_arithmetic|exclusion_window_violation,,851553,0.40
INV-H2-000433,0,,,3006170,0.40
INV-H2-000434,0,,,976760,0.40
INV-H2-000435,0,,,1993856,0.40
INV-H2-000436,1,invoice_total_mismatch|wrong_unit_basis|unit_price_mismatch,,2403279,0.40
INV-H2-000437,0,,,2565495,0.40
INV-H2-000438,0,,,1618210,0.40
INV-H2-000439,0,,,3318627,0.40
INV-H2-000440,0,,,2974295,0.40
INV-H2-000441,0,,,3406221,0.40
INV-H2-000442,0,,,2633430,0.40
INV-H2-000443,0,,,1714442,0.40
INV-H2-000444,0,,,1808152,0.40
INV-H2-000445,0,,,1867264,0.40
INV-H2-000446,1,daily_cap_exceeded|wrong_unit_basis|service_date_out_of_contract,,4057446,0.40
INV-H2-000447,1,unit_price_mismatch|service_date_out_of_contract,,3616607,0.40
INV-H2-000448,0,,,3534828,0.40
INV-H2-000449,0,,2821366,2821366,0.85
INV-H2-000450,0,,,1164383,0.40
INV-H2-000451,0,,,753854,0.40
INV-H2-000452,0,,2030073,2030073,0.85
INV-H2-000453,0,,,2618660,0.40
INV-H2-000454,0,,652962,652962,0.85
INV-H2-000455,0,,,1630753,0.40
INV-H2-000456,0,,,2350475,0.40
INV-H2-000457,0,,,1969084,0.40
INV-H2-000458,0,,,1219696,0.40
INV-H2-000459,0,,1475580,1475580,0.85
INV-H2-000460,0,,1720892,1720892,0.85
INV-H2-000461,0,,,2159420,0.40
INV-H2-000462,0,,,3616143,0.40
INV-H2-000463,0,,,2511058,0.40
INV-H2-000464,0,,450405,450405,0.85
INV-H2-000465,0,,1735104,1735104,0.85
INV-H2-000466,0,,,2091634,0.40
INV-H2-000467,0,,,731706,0.40
INV-H2-000468,0,,1417911,1417911,0.85
INV-H2-000469,0,,,1799383,0.40
INV-H2-000470,0,,848500,848500,0.85
INV-H2-000471,0,,,1880822,0.40
INV-H2-000472,0,,,4818240,0.40
INV-H2-000473,1,unknown_service|premium_omitted,,3336481,0.40
INV-H2-000474,0,,,2690366,0.40
INV-H2-000475,0,,,1571347,0.40
INV-H2-000476,0,,840538,840538,0.65
INV-H2-000477,0,,,1175492,0.40
INV-H2-000478,0,,,2811743,0.40
INV-H2-000479,0,,1487956,1487956,0.85
INV-H2-000480,0,,,1052124,0.40
INV-H2-000481,0,,,1942981,0.40
INV-H2-000482,0,,,2261845,0.40
INV-H2-000483,0,,,2817934,0.40
INV-H2-000484,0,,1766773,1766773,0.85
INV-H2-000485,0,,,1240519,0.40
INV-H2-000486,0,,,3301850,0.40
INV-H2-000487,0,,2302326,2302326,0.85
INV-H2-000488,0,,,2235260,0.40
INV-H2-000489,0,,2652128,2652128,0.85
INV-H2-000490,0,,,1318273,0.40
INV-H2-000491,0,,,3922968,0.40
INV-H2-000492,0,,,3215187,0.40
INV-H2-000493,0,,,3246586,0.40
INV-H2-000494,0,,,1217533,0.40
INV-H2-000495,0,,,1182030,0.40
INV-H2-000496,0,,,1186703,0.40
INV-H2-000498,0,,,3214850,0.40
INV-H2-000499,0,,,3971333,0.40
INV-H2-000500,0,,,2320715,0.40
INV-H2-000501,0,,,2146246,0.40
INV-H2-000502,0,,,2294084,0.40
INV-H2-000503,0,,,4649507,0.40
INV-H2-000504,0,,,1227341,0.40
INV-H2-000505,0,,,1313419,0.40
INV-H2-000506,0,,,2515516,0.40
INV-H2-000507,1,unit_price_mismatch,,3254536,0.40
INV-H2-000508,0,,,3212900,0.40
INV-H2-000509,1,invoice_total_mismatch|unit_price_mismatch,,4972669,0.40
INV-H2-000510,0,,2229527,2229527,0.85
INV-H2-000511,0,,2811585,2811585,0.65
INV-H2-000512,0,,,3858882,0.40
INV-H2-000513,0,,,1178022,0.40
INV-H2-000514,0,,,2413761,0.40
INV-H2-000515,0,,4751120,4751120,0.85
INV-H2-000516,0,,,3819506,0.40
INV-H2-000517,0,,599366,599366,0.85
INV-H2-000518,0,,,1392247,0.40
INV-H2-000519,1,malformed_service_date|unknown_service,,4021008,0.40
INV-H2-000520,0,,,1266208,0.40
INV-H2-000521,0,,,2393093,0.40
INV-H2-000522,1,service_date_out_of_contract,,2437801,0.85
INV-H2-000523,0,,,2064963,0.40
INV-H2-000524,0,,,2678468,0.40
INV-H2-000525,0,,,3664609,0.40
INV-H2-000526,0,,,3521979,0.40
INV-H2-000527,0,,,2372365,0.40
INV-H2-000528,0,,1165989,1165989,0.85
INV-H2-000529,0,,,1942612,0.40
INV-H2-000530,0,,,2020950,0.40
INV-H2-000531,0,,,1912735,0.40
INV-H2-000532,0,,1735793,1735793,0.85
INV-H2-000533,0,,,782200,0.40
INV-H2-000534,0,,3400872,3400872,0.65
INV-H2-000535,0,,,3084252,0.40
INV-H2-000536,0,,,4239813,0.40
INV-H2-000537,0,,,3154210,0.40
INV-H2-000538,0,,,2855565,0.40
INV-H2-000539,0,,1054333,1054333,0.65
INV-H2-000540,0,,,2617786,0.40
INV-H2-000541,0,,,1250700,0.40
INV-H2-000542,0,,,5495032,0.40
INV-H2-000543,0,,,869034,0.40
INV-H2-000544,0,,,4361678,0.40
INV-H2-000545,0,,,3421058,0.40
INV-H2-000546,0,,,2877477,0.40
INV-H2-000547,0,,,2712538,0.40
INV-H2-000548,0,,1631925,1631925,0.65
INV-H2-000549,1,duplicate_invoice_id|wrong_unit_basis|unit_price_mismatch,,1605618,0.40
INV-H2-000550,0,,,812880,0.40
INV-H2-000551,0,,,1889477,0.40
INV-H2-000552,0,,1578679,1578679,0.85
INV-H2-000553,0,,1344040,1344040,0.65
INV-H2-000554,0,,,1871014,0.40
INV-H2-000555,0,,,1392220,0.40
INV-H2-000556,0,,,2894291,0.40
INV-H2-000557,0,,,1961598,0.40
INV-H2-000558,0,,,1735900,0.40
INV-H2-000559,0,,1558207,1558207,0.65
INV-H2-000560,0,,,3421995,0.40
INV-H2-000561,1,malformed_service_date,,3182220,0.85
INV-H2-000562,0,,,2208541,0.40
INV-H2-000563,0,,,880960,0.40
INV-H2-000564,0,,,3032224,0.40
INV-H2-000565,0,,,2938967,0.40
INV-H2-000566,0,,,3281550,0.40
INV-H2-000567,0,,,3084514,0.40
INV-H2-000568,0,,2556398,2556398,0.85
INV-H2-000569,0,,,1295125,0.40
INV-H2-000570,0,,,805834,0.40
INV-H2-000571,0,,1573084,1573084,0.85
INV-H2-000573,0,,,1790852,0.40
INV-H2-000574,0,,,4484221,0.40
INV-H2-000575,0,,1930575,1930575,0.85
INV-H2-000576,0,,,1687395,0.40
INV-H2-000577,0,,,3136349,0.40
INV-H2-000578,0,,,1357734,0.40
INV-H2-000579,0,,,2126739,0.40
INV-H2-000580,0,,,2628963,0.40
INV-H2-000581,0,,2793115,2793115,0.65
INV-H2-000582,0,,,3945274,0.40
INV-H2-000583,0,,3228763,3228763,0.85
INV-H2-000584,0,,806310,806310,0.85
INV-H2-000585,0,,,3546158,0.40
INV-H2-000586,0,,,2641526,0.40
INV-H2-000587,0,,,3303488,0.40
INV-H2-000588,0,,,2523334,0.40
INV-H2-000589,0,,2244155,2244155,0.85
INV-H2-000590,0,,,2785543,0.40
INV-H2-000591,0,,862772,862772,0.85
INV-H2-000592,0,,,2916885,0.40
INV-H2-000593,0,,,2942192,0.40
INV-H2-000594,0,,,1757164,0.40
INV-H2-000595,1,daily_cap_exceeded,,5472120,0.40
INV-H2-000596,0,,,2802714,0.40
INV-H2-000597,0,,,2626768,0.40
INV-H2-000598,0,,,2966867,0.40
INV-H2-000599,0,,,2919963,0.40
INV-H2-000600,0,,2319351,2319351,0.85
INV-H2-000601,0,,1432869,1432869,0.85
INV-H2-000602,0,,,2479774,0.40
INV-H2-000603,0,,,1882190,0.40
INV-H2-000604,0,,,4240861,0.40
INV-H2-000605,0,,,2978973,0.40
INV-H2-000606,0,,,1805800,0.40
INV-H2-000607,1,unit_price_mismatch,,1817036,0.40
INV-H2-000608,0,,,2344333,0.40
INV-H2-000609,0,,,5579682,0.40
INV-H2-000610,1,premium_incorrectly_applied,,2768134,0.40
INV-H2-000611,0,,,762698,0.40
INV-H2-000613,0,,,3596316,0.40
INV-H2-000614,0,,2472738,2472738,0.85
INV-H2-000615,0,,,2524017,0.40
INV-H2-000616,0,,,1191206,0.40
INV-H2-000617,0,,,2405578,0.40
INV-H2-000618,0,,,1829923,0.40
INV-H2-000619,0,,2581322,2581322,0.85
INV-H2-000620,0,,,4885679,0.40
INV-H2-000621,0,,,1124301,0.40
INV-H2-000622,0,,1882260,1882260,0.85
INV-H2-000623,0,,2896723,2896723,0.85
INV-H2-000624,0,,,4022455,0.40
INV-H2-000625,1,volume_discount_omitted,,1379179,0.40
INV-H2-000626,0,,,4145553,0.40
INV-H2-000627,0,,,1786081,0.40
INV-H2-000628,0,,,577005,0.40
INV-H2-000629,0,,,2290394,0.40
INV-H2-000630,0,,,1202654,0.40
INV-H2-000631,0,,3531903,3531903,0.85
INV-H2-000632,0,,,6329851,0.40
INV-H2-000633,0,,1114656,1114656,0.85
INV-H2-000634,0,,4638849,4638849,0.65
INV-H2-000635,0,,1136040,1136040,0.85
INV-H2-000637,0,,,1728169,0.40
INV-H2-000638,0,,,3381762,0.40
INV-H2-000639,0,,,2198076,0.40
INV-H2-000640,0,,908634,908634,0.65
INV-H2-000641,0,,,2763175,0.40
INV-H2-000642,0,,,2904883,0.40
INV-H2-000643,0,,,2698521,0.40
INV-H2-000644,0,,1398308,1398308,0.65
INV-H2-000645,0,,,2258476,0.40
INV-H2-000646,0,,4456054,4456054,0.85
INV-H2-000647,0,,2068148,2068148,0.85
INV-H2-000648,0,,,2700004,0.40
INV-H2-000649,0,,,1552032,0.40
INV-H2-000650,0,,,2432083,0.40
INV-H2-000651,0,,,3375477,0.40
INV-H2-000652,0,,,2483214,0.40
INV-H2-000653,0,,1468777,1468777,0.85
INV-H2-000654,0,,1219902,1219902,0.85
INV-H2-000655,0,,3699144,3699144,0.65
INV-H2-000656,0,,,3136505,0.40
INV-H2-000657,0,,,2413294,0.40
INV-H2-000658,0,,,3097664,0.40
INV-H2-000659,0,,,2083537,0.40
INV-H2-000660,0,,,1164115,0.40
INV-H2-000661,1,invoice_total_mismatch|unknown_service,,1600124,0.40
INV-H2-000662,1,unit_price_mismatch|premium_incorrectly_applied|service_date_out_of_contract,2105417,2167344,0.65
INV-H2-000663,0,,,4682684,0.40
INV-H2-000664,0,,,3095870,0.40
INV-H2-000665,0,,,2621783,0.40
INV-H2-000666,0,,,1621625,0.40
INV-H2-000667,0,,,3168902,0.40
INV-H2-000668,0,,,3127885,0.40
INV-H2-000669,0,,,1716593,0.40
INV-H2-000670,0,,2667365,2667365,0.85
INV-H2-000671,0,,,3704829,0.40
INV-H2-000672,0,,3149355,3149355,0.85
INV-H2-000673,0,,,1783703,0.40
INV-H2-000674,0,,,3512287,0.40
INV-H2-000675,0,,,2606740,0.40
INV-H2-000676,0,,,3815847,0.40
INV-H2-000677,0,,,2188524,0.40
INV-H2-000678,0,,,4303873,0.40
INV-H2-000679,0,,,2691653,0.40
INV-H2-000680,0,,3026199,3026199,0.85
INV-H2-000681,0,,3587102,3587102,0.85
INV-H2-000682,0,,1652930,1652930,0.65
INV-H2-000683,0,,,3284345,0.40
INV-H2-000684,1,malformed_service_date,,2974777,0.85
INV-H2-000685,0,,,672852,0.40
INV-H2-000686,0,,,3740728,0.40
INV-H2-000687,0,,,1489534,0.40
INV-H2-000688,0,,,1207211,0.40
INV-H2-000689,0,,,3909140,0.40
INV-H2-000690,0,,,909493,0.40
INV-H2-000691,0,,,4187093,0.40
INV-H2-000692,0,,821160,821160,0.85
INV-H2-000693,0,,3684794,3684794,0.85
INV-H2-000694,0,,,2961093,0.40
INV-H2-000695,0,,,2759671,0.40
INV-H2-000696,0,,2800843,2800843,0.85
INV-H2-000697,0,,,1724951,0.40
INV-H2-000698,0,,,3015120,0.40
INV-H2-000699,0,,,3875046,0.40
INV-H2-000700,0,,3090573,3090573,0.85
INV-H2-000701,0,,3088626,3088626,0.85
INV-H2-000702,0,,,3507352,0.40
INV-H2-000703,0,,3021465,3021465,0.85
INV-H2-000704,0,,4648419,4648419,0.85
INV-H2-000705,0,,2914273,2914273,0.85
INV-H2-000706,0,,,2760367,0.40
INV-H2-000707,0,,,3032127,0.40
INV-H2-000708,0,,,742147,0.40
INV-H2-000709,0,,,1259718,0.40
INV-H2-000710,0,,,3941607,0.40
INV-H2-000711,0,,,2541681,0.40
INV-H2-000712,0,,,3060317,0.40
INV-H2-000713,0,,,3170981,0.40
INV-H2-000714,0,,4240210,4240210,0.85
INV-H2-000715,0,,,3505795,0.40
INV-H2-000716,0,,,3793348,0.40
INV-H2-000717,0,,,4142953,0.40
INV-H2-000718,0,,,1785111,0.40
INV-H2-000719,0,,1128563,1128563,0.85
INV-H2-000720,0,,,2814649,0.40
INV-H2-000721,0,,,2779727,0.40
INV-H2-000722,0,,,1106765,0.40
INV-H2-000723,0,,,2758055,0.40
INV-H2-000724,0,,,3191802,0.40
INV-H2-000725,0,,,4558114,0.40
INV-H2-000726,0,,2982991,2982991,0.65
INV-H2-000727,0,,,1593236,0.40
INV-H2-000728,0,,1762947,1762947,0.85
INV-H2-000729,0,,,4363911,0.40
INV-H2-000730,0,,,2461898,0.40
INV-H2-000731,0,,,2458658,0.40
INV-H2-000732,0,,,2977662,0.40
INV-H2-000733,1,unknown_service,,4753896,0.40
INV-H2-000734,0,,873763,873763,0.65
INV-H2-000735,0,,,1282225,0.40
INV-H2-000736,0,,1522600,1522600,0.65
INV-H2-000737,0,,,3394300,0.40
INV-H2-000738,0,,,4531429,0.40
INV-H2-000739,0,,,1322520,0.40
INV-H2-000740,0,,,1642075,0.40
INV-H2-000741,0,,746350,746350,0.85
INV-H2-000742,0,,,2587287,0.40
INV-H2-000743,1,premium_omitted,,1843727,0.40
INV-H2-000744,1,line_total_arithmetic|premium_incorrectly_applied,,2170400,0.40
INV-H2-000745,0,,,4798801,0.40
INV-H2-000746,0,,,1574770,0.40
INV-H2-000747,0,,,1537272,0.40
INV-H2-000748,0,,3360182,3360182,0.85
INV-H2-000749,0,,,3319651,0.40
INV-H2-000750,0,,,1253747,0.40
INV-H2-000751,0,,,1626705,0.40
INV-H2-000752,1,wrong_unit_basis|malformed_service_date,,1570251,0.40
INV-H2-000753,0,,,3500129,0.40
INV-H2-000754,0,,,4507631,0.40
INV-H2-000755,0,,,5157305,0.40
INV-H2-000756,0,,,3824998,0.40
INV-H2-000757,0,,1782000,1782000,0.85
INV-H2-000758,0,,,3991593,0.40
INV-H2-000759,0,,,1371605,0.40
INV-H2-000760,0,,,1642789,0.40
INV-H2-000761,0,,2934858,2934858,0.85
INV-H2-000762,0,,,1232419,0.40
INV-H2-000763,0,,,1102120,0.40
INV-H2-000764,0,,,1062263,0.40
INV-H2-000765,0,,,1105935,0.40
INV-H2-000766,0,,,3930652,0.40
INV-H2-000767,0,,,2128330,0.40
INV-H2-000768,0,,,1576763,0.40
INV-H2-000769,0,,,1143304,0.40
INV-H2-000771,0,,,1932532,0.40
INV-H2-000772,0,,,2180670,0.40
INV-H2-000773,0,,,1935741,0.40
INV-H2-000774,0,,,2841782,0.40
INV-H2-000775,0,,,3303626,0.40
INV-H2-000776,0,,,1497840,0.40
INV-H2-000777,0,,,3599806,0.40
INV-H2-000778,0,,,2775345,0.40
INV-H2-000779,0,,797743,797743,0.85
INV-H2-000780,0,,1277900,1277900,0.85
INV-H2-000781,0,,,4176908,0.40
INV-H2-000782,0,,,3222420,0.40
INV-H2-000783,1,service_date_after_invoice_date|unknown_service|wrong_unit_basis,,2563422,0.40
INV-H2-000784,0,,741930,741930,0.85
INV-H2-000785,0,,,4069007,0.40
INV-H2-000786,0,,3141003,3141003,0.85
INV-H2-000787,0,,,3476965,0.40
INV-H2-000788,0,,,2383643,0.40
INV-H2-000789,0,,,3371584,0.40
INV-H2-000790,0,,,3125368,0.40
INV-H2-000791,0,,,3166917,0.40
INV-H2-000792,0,,,3692155,0.40
INV-H2-000793,0,,2006795,2006795,0.85
INV-H2-000794,0,,,2921087,0.40
INV-H2-000795,0,,2561353,2561353,0.85
INV-H2-000796,0,,,1983748,0.40
INV-H2-000797,0,,1773536,1773536,0.85
INV-H2-000798,0,,,3954108,0.40
INV-H2-000799,0,,,3386979,0.40
INV-H2-000800,1,service_date_out_of_contract,,3262287,0.85
INV-H2-000801,0,,,2168039,0.40
INV-H2-000802,0,,,4086093,0.40
INV-H2-000803,0,,,2794537,0.40
INV-H2-000804,0,,,3298766,0.40
INV-H2-000805,0,,2101348,2101348,0.85
INV-H2-000806,0,,3197789,3197789,0.65
INV-H2-000807,0,,,2639466,0.40
INV-H2-000808,0,,,1851240,0.40
INV-H2-000809,0,,,1497767,0.40
INV-H2-000810,0,,674737,674737,0.85
INV-H2-000811,0,,,1367573,0.40
INV-H2-000812,0,,,2149659,0.40
INV-H2-000813,0,,,1259475,0.40
INV-H2-000814,0,,,3908420,0.40
INV-H2-000815,0,,,2359169,0.40
INV-H2-000816,0,,,1899044,0.40
INV-H2-000817,0,,,3930565,0.40
INV-H2-000818,1,contract_number_mismatch|exclusion_window_violation,1540334,1786734,0.65
INV-H2-000819,0,,,1600542,0.40
INV-H2-000820,0,,,3602804,0.40
INV-H2-000821,0,,2009157,2009157,0.65
INV-H2-000822,0,,1834615,1834615,0.65
INV-H2-000823,0,,1616874,1616874,0.85
INV-H2-000824,0,,1783839,1783839,0.65
INV-H2-000825,0,,,2774696,0.40
INV-H2-000826,0,,3270588,3270588,0.85
INV-H2-000827,0,,2673574,2673574,0.65
INV-H2-000828,0,,,3828953,0.40
INV-H2-000829,0,,,1296475,0.40
INV-H2-000830,1,premium_omitted,,1878566,0.40
INV-H2-000831,0,,1961747,1961747,0.85
INV-H2-000832,0,,,2144903,0.40
INV-H2-000833,0,,,5204720,0.40
INV-H2-000834,0,,,908205,0.40
INV-H2-000835,1,wrong_unit_basis,,814076,0.40
INV-H2-000836,0,,,3991765,0.40
INV-H2-000837,0,,,2944435,0.40
INV-H2-000838,0,,,2425388,0.40
INV-H2-000839,0,,,1865193,0.40
INV-H2-000840,0,,,2749531,0.40
INV-H2-000841,0,,,2554005,0.40
INV-H2-000842,0,,753112,753112,0.85
INV-H2-000843,1,unit_price_mismatch|line_total_arithmetic|service_date_after_invoice_date,780733,1031048,0.65
INV-H2-000844,1,premium_incorrectly_applied,,2187312,0.40
INV-H2-000845,0,,,3594329,0.40
INV-H2-000846,0,,,2680106,0.40
INV-H2-000847,0,,1683145,1683145,0.85
INV-H2-000848,0,,,2981621,0.40
INV-H2-000849,0,,,1207808,0.40
INV-H2-000850,0,,,995241,0.40
INV-H2-000851,0,,2787553,2787553,0.85
INV-H2-000852,1,bundle_not_applied,,3860247,0.40
INV-H2-000853,0,,,1987980,0.40
INV-H2-000854,0,,2887999,2887999,0.65
INV-H2-000855,0,,4143130,4143130,0.85
INV-H2-000856,0,,,3712565,0.40
INV-H2-000857,0,,,1161300,0.40
INV-H2-000858,0,,1256173,1256173,0.85
INV-H2-000859,0,,,2319384,0.40
INV-H2-000860,0,,,881275,0.40
INV-H2-000861,0,,,864006,0.40
INV-H2-000862,0,,,2616211,0.40
INV-H2-000863,0,,,3633341,0.40
INV-H2-000864,0,,,3362605,0.40
INV-H2-000865,0,,,3562260,0.40
INV-H2-000866,0,,,4666306,0.40
INV-H2-000867,0,,,2488507,0.40
INV-H2-000868,0,,630595,630595,0.85
INV-H2-000869,0,,3190248,3190248,0.85
INV-H2-000870,0,,,1802208,0.40
INV-H2-000871,0,,990570,990570,0.65
INV-H2-000872,0,,1679132,1679132,0.85
INV-H2-000873,0,,1664581,1664581,0.85
INV-H2-000874,0,,,2410707,0.40
INV-H2-000875,0,,,2722964,0.40
INV-H2-000876,0,,1040829,1040829,0.65
INV-H2-000877,0,,,3481390,0.40
INV-H2-000878,0,,2151670,2151670,0.85
INV-H2-000879,0,,,3294671,0.40
INV-H2-000880,0,,,1774589,0.40
INV-H2-000881,0,,,3902640,0.40
INV-H2-000882,0,,,1718401,0.40
INV-H2-000883,0,,,1194295,0.40
INV-H2-000884,0,,,2560306,0.40
INV-H2-000885,0,,,2899515,0.40
INV-H2-000886,0,,,2570948,0.40
INV-H2-000887,1,unknown_service,,1055620,0.40
INV-H2-000888,0,,,1641200,0.40
INV-H2-000889,1,daily_cap_exceeded,,3971554,0.40
INV-H2-000890,0,,3470378,3470378,0.65
INV-H2-000891,0,,,1422344,0.40
INV-H2-000892,1,unknown_service,,2306705,0.40
INV-H2-000893,0,,,1334726,0.40
INV-H2-000894,0,,2300208,2300208,0.85
INV-H2-000895,0,,,4939046,0.40
INV-H2-000896,0,,1684386,1684386,0.85
INV-H2-000897,0,,,2935065,0.40
INV-H2-000898,0,,1230187,1230187,0.85
INV-H2-000899,0,,,1711521,0.40
INV-H2-000900,1,premium_incorrectly_applied|volume_discount_omitted,,2996206,0.40
INV-H2-000901,0,,,5162873,0.40
INV-H2-000902,0,,2716978,2716978,0.65
INV-H2-000903,0,,,2506101,0.40
INV-H2-000904,0,,,2339730,0.40
INV-H2-000905,0,,,2371477,0.40
INV-H2-000906,0,,,1291819,0.40
INV-H2-000907,0,,,796120,0.40
INV-H2-000908,0,,,3840632,0.40
INV-H2-000909,0,,,1115895,0.40
INV-H2-000910,0,,,3941744,0.40
INV-H2-000911,0,,1279775,1279775,0.85
INV-H2-000912,0,,,4148278,0.40
INV-H2-000913,0,,,2740790,0.40
INV-H2-000914,0,,,1607947,0.40
INV-H2-000915,0,,,3380250,0.40
INV-H2-000916,0,,,3841278,0.40
INV-H2-000917,0,,1849025,1849025,0.85
INV-H2-000918,0,,,1475611,0.40
INV-H2-000919,0,,,4108869,0.40
INV-H2-000920,0,,,3002415,0.40
INV-H2-000921,0,,,3728716,0.40
INV-H2-000922,0,,2658718,2658718,0.85
INV-H2-000923,0,,,2188045,0.40
INV-H2-000924,0,,,3217760,0.40
INV-H2-000925,0,,,1861080,0.40
INV-H2-000926,0,,,5266190,0.40
INV-H2-000927,0,,,1298490,0.40
INV-H2-000928,0,,,2278307,0.40
INV-H2-000929,0,,977554,977554,0.85
INV-H2-000930,0,,,2200585,0.40
INV-H2-000931,0,,2076478,2076478,0.85
INV-H2-000932,0,,,1668085,0.40
INV-H2-000933,0,,,750403,0.40
INV-H2-000934,0,,1713705,1713705,0.65
INV-H2-000935,0,,1467418,1467418,0.85
INV-H2-000936,0,,,4613985,0.40
INV-H2-000937,0,,,2959847,0.40
INV-H2-000938,0,,,3526755,0.40
INV-H2-000939,0,,,3142154,0.40
INV-H2-000940,0,,,2413189,0.40
INV-H2-000941,0,,,1947890,0.40
INV-H2-000942,0,,961953,961953,0.85
INV-H2-000943,0,,,4962117,0.40
INV-H2-000944,0,,,1246331,0.40
INV-H2-000945,0,,,1641371,0.40
INV-H2-000946,0,,,1772674,0.40
INV-H2-000947,0,,,2794550,0.40
INV-H2-000948,0,,,1396291,0.40
INV-H2-000949,0,,,3418986,0.40
INV-H2-000950,0,,,2030127,0.40
INV-H2-000951,1,wrong_unit_basis|unknown_service,,3584619,0.40
INV-H2-000952,0,,4102060,4102060,0.85
INV-H2-000953,0,,,3157954,0.40
INV-H2-000954,0,,,3339291,0.40
INV-H2-000955,1,malformed_service_date|service_date_after_invoice_date,,1703199,0.40
INV-H2-000956,0,,,1170448,0.40
INV-H2-000957,0,,,3563324,0.40
INV-H2-000958,0,,,1957650,0.40
INV-H2-000959,0,,1345550,1345550,0.85
INV-H2-000960,0,,1500075,1500075,0.85
INV-H2-000961,0,,,1948476,0.40
INV-H2-000962,0,,,3371295,0.40
INV-H2-000963,0,,2661080,2661080,0.85
INV-H2-000964,0,,,2271587,0.40
INV-H2-000965,0,,,678034,0.40
INV-H2-000966,0,,,1334073,0.40
INV-H2-000967,0,,,2334120,0.40
INV-H2-000968,0,,1954872,1954872,0.85
INV-H2-000969,0,,,2885795,0.40
INV-H2-000970,0,,,3271559,0.40
INV-H2-000971,0,,3268943,3268943,0.85
INV-H2-000972,0,,,3877395,0.40
INV-H2-000973,0,,,2523532,0.40
INV-H2-000974,0,,,3352291,0.40
INV-H2-000975,0,,,3325550,0.40
INV-H2-000976,0,,,4049089,0.40
INV-H2-000977,0,,,3996544,0.40
INV-H2-000978,0,,,380876,0.40
INV-H2-000979,0,,,825685,0.40
INV-H2-000980,0,,,2052881,0.40
INV-H2-000981,0,,,2343368,0.40
INV-H2-000982,0,,,3876361,0.40
INV-H2-000983,0,,,3185533,0.40
INV-H2-000984,0,,516810,516810,0.85
INV-H2-000985,0,,,3565104,0.40
INV-H2-000986,0,,,932430,0.40
INV-H2-000987,0,,1026862,1026862,0.85
INV-H2-000988,0,,,3748700,0.40
INV-H2-000989,1,daily_cap_exceeded|bundle_not_applied,,2155933,0.40
INV-H2-000990,0,,,2687172,0.40
INV-H2-000991,0,,811530,811530,0.85
INV-H2-000992,0,,,2344754,0.40
INV-H2-000993,0,,,1695527,0.40
INV-H2-000994,0,,,1294275,0.40
INV-H2-000995,0,,,2573468,0.40
INV-H2-000996,0,,2108707,2108707,0.65
INV-H2-000997,0,,,1270700,0.40
INV-H2-000998,0,,1965345,1965345,0.65
INV-H2-000999,0,,,4489680,0.40
INV-H2-001000,0,,,3411735,0.40
INV-H2-001001,0,,,2346146,0.40
INV-H2-001002,0,,,1763106,0.40
INV-H2-001003,0,,,379589,0.40
INV-H2-001004,0,,3103865,3103865,0.85
INV-H2-001005,0,,,4211904,0.40
INV-H2-001006,0,,,3328351,0.40
INV-H2-001007,0,,,934999,0.40
INV-H2-001008,0,,2294556,2294556,0.85
INV-H2-001009,0,,,3787504,0.40
INV-H2-001010,0,,,786344,0.40
INV-H2-001011,0,,,2055812,0.40
INV-H2-001012,0,,,4107401,0.40
INV-H2-001013,0,,,1383635,0.40
INV-H2-001014,0,,2527018,2527018,0.85
INV-H2-001015,0,,,4880061,0.40
INV-H2-001016,0,,,1991256,0.40
INV-H2-001017,1,bundle_not_applied|exclusion_window_violation,,3721701,0.40
INV-H2-001018,0,,,3507077,0.40
INV-H2-001019,0,,,3711920,0.40
INV-H2-001020,0,,,4523784,0.40
INV-H2-001021,0,,,3098186,0.40
INV-H2-001022,0,,,793850,0.40
INV-H2-001023,0,,,1275392,0.40
INV-H2-001024,0,,,2254015,0.40
INV-H2-001025,0,,,1871857,0.40
INV-H2-001026,0,,,702100,0.40
INV-H2-001027,0,,,1960235,0.40
INV-H2-001028,1,invoice_total_mismatch|wrong_unit_basis,,159581,0.40
INV-H2-001029,0,,1860990,1860990,0.65
INV-H2-001030,1,contract_number_mismatch|wrong_unit_basis,,3561932,0.40
INV-H2-001031,0,,,4387478,0.40
INV-H2-001032,0,,,976266,0.40
INV-H2-001033,0,,2351755,2351755,0.85
INV-H2-001034,0,,,2664625,0.40
INV-H2-001036,0,,3410841,3410841,0.85
INV-H2-001037,0,,,3753669,0.40
INV-H2-001038,1,unit_price_mismatch|exclusion_window_violation,1435704,1530398,0.65
INV-H2-001039,0,,2261611,2261611,0.85
INV-H2-001040,0,,,964376,0.40
INV-H2-001041,1,unit_price_mismatch|line_total_arithmetic,,4721224,0.40
INV-H2-001042,0,,,1931251,0.40
INV-H2-001043,0,,,3911612,0.40
INV-H2-001044,1,contract_number_mismatch|wrong_unit_basis,,1319234,0.40
INV-H2-001045,0,,,3893284,0.40
INV-H2-001046,0,,946553,946553,0.85
INV-H2-001047,0,,,1526244,0.40
INV-H2-001048,0,,,3651137,0.40
INV-H2-001049,0,,842398,842398,0.85
INV-H2-001050,0,,,2848318,0.40
INV-H2-001051,0,,,3670705,0.40
INV-H2-001052,0,,,3269428,0.40
INV-H2-001053,0,,,4283250,0.40
INV-H2-001054,0,,,1669538,0.40
INV-H2-001055,0,,,2570725,0.40
INV-H2-001056,0,,,4458458,0.40
INV-H2-001057,0,,,1424605,0.40
INV-H2-001058,0,,,2281516,0.40
INV-H2-001059,0,,700562,700562,0.85
INV-H2-001060,0,,,1741993,0.40
INV-H2-001061,0,,1466298,1466298,0.85
INV-H2-001062,0,,,3235647,0.40
INV-H2-001063,0,,,905650,0.40
INV-H2-001064,0,,2263091,2263091,0.65
INV-H2-001065,0,,,1793805,0.40
INV-H2-001066,0,,,2585711,0.40
INV-H2-001067,0,,1750640,1750640,0.85
INV-H2-001068,0,,,2181943,0.40
INV-H2-001069,0,,905847,905847,0.85
INV-H2-001070,0,,3531763,3531763,0.85
INV-H2-001071,0,,,1853918,0.40
INV-H2-001072,0,,,2431361,0.40
INV-H2-001073,1,invoice_total_mismatch|wrong_unit_basis|unit_price_mismatch,,3115140,0.40
INV-H2-001074,0,,2666241,2666241,0.65
INV-H2-001075,0,,1856660,1856660,0.85
INV-H2-001076,0,,,3053262,0.40
INV-H2-001077,0,,,2312311,0.40
INV-H2-001078,0,,,3309778,0.40
INV-H2-001079,0,,,3178980,0.40
INV-H2-001080,0,,,3904131,0.40
INV-H2-001081,0,,,649333,0.40
INV-H2-001082,0,,,1454970,0.40
INV-H2-001083,0,,,3718784,0.40
INV-H2-001084,0,,1165486,1165486,0.85
INV-H2-001085,0,,2098190,2098190,0.85
INV-H2-001086,0,,,3300088,0.40
INV-H2-001087,0,,1064100,1064100,0.85
INV-H2-001088,0,,,2403386,0.40
INV-H2-001089,0,,,3054038,0.40
INV-H2-001090,0,,,5040901,0.40
INV-H2-001091,0,,,2834194,0.40
INV-H2-001092,0,,,1713805,0.40
INV-H2-001093,0,,,3647438,0.40
INV-H2-001094,0,,185216,185216,0.85
INV-H2-001095,0,,,2758185,0.40
INV-H2-001096,0,,,2080320,0.40
INV-H2-001097,0,,825286,825286,0.85
INV-H2-001098,0,,,415220,0.40
INV-H2-001099,0,,,740475,0.40
INV-H2-001100,0,,,1429385,0.40
INV-H2-001101,0,,,1998485,0.40
INV-H2-001102,0,,3652067,3652067,0.65
INV-H2-001103,0,,,2203699,0.40
INV-H2-001104,0,,,1764560,0.40
INV-H2-001105,0,,1959400,1959400,0.85
INV-H2-001106,0,,2937640,2937640,0.65
INV-H2-001107,0,,,1538659,0.40
INV-H2-001108,0,,,1799203,0.40
INV-H2-001109,1,unit_price_mismatch|bundle_not_applied,,935389,0.40
INV-H2-001110,0,,,1318632,0.40
INV-H2-001111,0,,,3347740,0.40
INV-H2-001112,0,,,3280806,0.40
INV-H2-001113,0,,,1474210,0.40
INV-H2-001114,0,,,2250654,0.40
INV-H2-001115,0,,,3882884,0.40
INV-H2-001116,0,,,1204505,0.40
INV-H2-001117,0,,,3050848,0.40
INV-H2-001118,0,,,1394553,0.40
INV-H2-001119,0,,,897234,0.40
INV-H2-001120,0,,,2324144,0.40
INV-H2-001121,0,,1848810,1848810,0.85
INV-H2-001122,0,,1189092,1189092,0.85
INV-H2-001123,0,,,1761377,0.40
INV-H2-001124,0,,,1047455,0.40
INV-H2-001125,0,,,1529979,0.40
INV-H2-001126,0,,,3819014,0.40
INV-H2-001127,0,,,1668997,0.40
INV-H2-001128,0,,3150596,3150596,0.65
INV-H2-001129,0,,,623988,0.40
INV-H2-001130,1,unit_price_mismatch|wrong_unit_basis,,3384668,0.40
INV-H2-001131,0,,,1634825,0.40
INV-H2-001132,0,,,3223295,0.40
INV-H4-000001,0,,,1684325,0.40
INV-H4-000002,0,,,3709750,0.40
INV-H4-000003,1,wrong_unit_basis,,2990225,0.40
INV-H4-000004,0,,4541425,4541425,0.85
INV-H4-000005,0,,1061450,1061450,0.85
INV-H4-000006,1,invoice_total_mismatch,641175,640175,0.85
INV-H4-000007,0,,,2396750,0.40
INV-H4-000008,1,service_date_after_invoice_date|unit_price_mismatch,3259925,3525273,0.85
INV-H4-000009,0,,,3544989,0.40
INV-H4-000010,0,,,4801591,0.40
INV-H4-000011,0,,2887300,2887300,0.85
INV-H4-000012,0,,,2835575,0.40
INV-H4-000013,0,,2946850,2946850,0.85
INV-H4-000014,0,,,2658825,0.40
INV-H4-000015,0,,3635025,3635025,0.85
INV-H4-000016,0,,,3234050,0.40
INV-H4-000017,1,line_total_arithmetic,,4939975,0.85
INV-H4-000018,0,,1493475,1493475,0.85
INV-H4-000019,0,,,1312175,0.40
INV-H4-000020,0,,,3385425,0.40
INV-H4-000021,0,,,2524150,0.40
INV-H4-000022,0,,,2760525,0.40
INV-H4-000023,0,,3356650,3356650,0.85
INV-H4-000024,0,,,1381558,0.40
INV-H4-000025,0,,729989,729989,0.85
INV-H4-000026,0,,3085997,3085997,0.85
INV-H4-000027,0,,,3087600,0.40
INV-H4-000028,0,,1136750,1136750,0.85
INV-H4-000029,0,,,819175,0.40
INV-H4-000030,0,,,1854450,0.40
INV-H4-000031,0,,1691400,1691400,0.65
INV-H4-000032,0,,,433650,0.40
INV-H4-000033,0,,,3745725,0.40
INV-H4-000034,0,,,3938675,0.40
INV-H4-000035,0,,,4272200,0.40
INV-H4-000036,0,,2580775,2580775,0.65
INV-H4-000037,0,,,4330300,0.40
INV-H4-000038,0,,2275900,2275900,0.85
INV-H4-000039,0,,3695050,3695050,0.85
INV-H4-000040,0,,,4906925,0.40
INV-H4-000041,0,,2268000,2268000,0.85
INV-H4-000042,0,,3924275,3924275,0.65
INV-H4-000043,0,,1803400,1803400,0.85
INV-H4-000044,0,,,2826210,0.40
INV-H4-000045,0,,2151575,2151575,0.85
INV-H4-000046,0,,2192275,2192275,0.85
INV-H4-000047,0,,,3509309,0.40
INV-H4-000048,0,,,1024025,0.40
INV-H4-000049,0,,,2746450,0.40
INV-H4-000050,0,,,3023285,0.40
INV-H4-000051,0,,,4283425,0.40
INV-H4-000052,0,,,2886250,0.40
INV-H4-000053,1,unknown_service|wrong_unit_basis,,3818450,0.40
INV-H4-000054,0,,,1927440,0.40
INV-H4-000055,0,,3426725,3426725,0.85
INV-H4-000056,0,,,1540100,0.40
INV-H4-000057,0,,3328750,3328750,0.85
INV-H4-000058,0,,,1646025,0.40
INV-H4-000059,0,,822175,822175,0.85
INV-H4-000060,0,,805625,805625,0.65
INV-H4-000061,0,,,1590875,0.40
INV-H4-000062,0,,,3792825,0.40
INV-H4-000063,0,,,2568575,0.40
INV-H4-000064,0,,1531425,1531425,0.85
INV-H4-000065,0,,540310,540310,0.85
INV-H4-000066,0,,,4668562,0.40
INV-H4-000067,0,,,3881800,0.40
INV-H4-000068,0,,1482320,1482320,0.85
INV-H4-000069,0,,,3522700,0.40
INV-H4-000070,0,,,4395000,0.40
INV-H4-000071,0,,,1617900,0.40
INV-H4-000072,0,,1932625,1932625,0.85
INV-H4-000073,1,duplicate_invoice_id,,1732300,0.85
INV-H4-000074,1,volume_discount_incorrectly_applied|unit_price_mismatch,,3497250,0.40
INV-H4-000075,0,,,2816942,0.40
INV-H4-000076,0,,,1949250,0.40
INV-H4-000077,0,,,2865381,0.40
INV-H4-000078,0,,2875625,2875625,0.85
INV-H4-000079,1,duplicate_invoice_id,,1486726,0.85
INV-H4-000080,0,,3508000,3508000,0.85
INV-H4-000081,0,,,3437800,0.40
INV-H4-000082,0,,5197300,5197300,0.65
INV-H4-000083,0,,3067400,3067400,0.85
INV-H4-000084,0,,4715550,4715550,0.85
INV-H4-000085,0,,3151125,3151125,0.85
INV-H4-000086,0,,,1398675,0.40
INV-H4-000087,0,,,3411011,0.40
INV-H4-000088,0,,5285671,5285671,0.65
INV-H4-000089,0,,1592319,1592319,0.85
INV-H4-000090,0,,,1209350,0.40
INV-H4-000091,0,,,1420275,0.40
INV-H4-000092,0,,,3900715,0.40
INV-H4-000093,0,,2654600,2654600,0.85
INV-H4-000094,0,,,2378395,0.40
INV-H4-000095,1,wrong_unit_basis|line_total_arithmetic,1804850,1797350,0.85
INV-H4-000096,0,,,2712075,0.40
INV-H4-000097,0,,,2515900,0.40
INV-H4-000098,0,,,2846400,0.40
INV-H4-000099,0,,3632444,3632444,0.85
INV-H4-000100,0,,,1400750,0.40
INV-H4-000101,0,,997375,997375,0.65
INV-H4-000102,0,,,1967575,0.40
INV-H4-000103,0,,4815295,4815295,0.85
INV-H4-000104,1,contract_number_mismatch,,763938,0.85
INV-H4-000105,1,service_date_after_invoice_date|premium_omitted,1384350,1369450,0.65
INV-H4-000106,0,,1241425,1241425,0.85
INV-H4-000107,0,,,2848100,0.40
INV-H4-000108,0,,,1704800,0.40
INV-H4-000109,0,,,4800150,0.40
INV-H4-000110,0,,,1614575,0.40
INV-H4-000111,0,,,3388731,0.40
INV-H4-000112,0,,,1157155,0.40
INV-H4-000113,0,,,1557700,0.40
INV-H4-000114,0,,4447625,4447625,0.65
INV-H4-000115,0,,,3446700,0.40
INV-H4-000116,0,,3422822,3422822,0.85
INV-H4-000117,0,,1002076,1002076,0.85
INV-H4-000118,0,,3885968,3885968,0.85
INV-H4-000119,0,,,1533750,0.40
INV-H4-000120,0,,2225600,2225600,0.85
INV-H4-000121,1,service_date_after_invoice_date,1732875,1732875,0.85
INV-H4-000122,0,,2184175,2184175,0.85
INV-H4-000123,0,,3924125,3924125,0.85
INV-H4-000124,0,,5059925,5059925,0.65
INV-H4-000125,1,unknown_service,,2398750,0.40
INV-H4-000126,0,,1198500,1198500,0.85
INV-H4-000127,0,,4277050,4277050,0.85
INV-H4-000128,0,,2878080,2878080,0.85
INV-H4-000129,0,,,2475375,0.40
INV-H4-000130,0,,,1120375,0.40
INV-H4-000131,0,,,2284750,0.40
INV-H4-000132,0,,2168372,2168372,0.85
INV-H4-000133,0,,1665300,1665300,0.85
INV-H4-000134,0,,,1879100,0.40
INV-H4-000135,0,,,2150499,0.40
INV-H4-000136,0,,1312475,1312475,0.85
INV-H4-000137,0,,1185400,1185400,0.85
INV-H4-000138,0,,,408732,0.40
INV-H4-000139,0,,,3165685,0.40
INV-H4-000140,0,,2104082,2104082,0.85
INV-H4-000141,0,,,2871700,0.40
INV-H4-000142,0,,,3154150,0.40
INV-H4-000143,0,,,2047525,0.40
INV-H4-000144,1,contract_number_mismatch|unknown_service|premium_incorrectly_applied,,3105319,0.40
INV-H4-000145,0,,3600775,3600775,0.85
INV-H4-000146,0,,2873750,2873750,0.65
INV-H4-000147,0,,3627292,3627292,0.85
INV-H4-000148,0,,1207325,1207325,0.85
INV-H4-000149,0,,,1433525,0.40
INV-H4-000150,0,,,1510135,0.40
INV-H4-000151,0,,,4528550,0.40
INV-H4-000152,0,,1673314,1673314,0.85
INV-H4-000153,1,malformed_service_date|unknown_service,,3656250,0.40
INV-H4-000154,0,,,1006400,0.40
INV-H4-000155,0,,,1748312,0.40
INV-H4-000156,0,,1706925,1706925,0.85
INV-H4-000157,1,invoice_total_mismatch|volume_discount_omitted,994456,1066600,0.65
INV-H4-000158,0,,,1897325,0.40
INV-H4-000159,0,,,1671850,0.40
INV-H4-000160,0,,481550,481550,0.85
INV-H4-000161,0,,2578975,2578975,0.85
INV-H4-000162,0,,,3059865,0.40
INV-H4-000163,0,,3712175,3712175,0.85
INV-H4-000164,1,contract_number_mismatch|premium_incorrectly_applied|malformed_service_date,,2241308,0.40
INV-H4-000165,1,daily_cap_exceeded,3370925,3413175,0.65
INV-H4-000166,0,,,1360729,0.40
INV-H4-000167,0,,,4001084,0.40
INV-H4-000168,1,wrong_unit_basis|exclusion_window_violation,2184615,2221715,0.65
INV-H4-000169,0,,,2116475,0.40
INV-H4-000170,0,,,2401000,0.40
INV-H4-000171,0,,,3983406,0.40
INV-H4-000172,0,,2225568,2225568,0.85
INV-H4-000173,0,,2904550,2904550,0.65
INV-H4-000174,0,,1591425,1591425,0.85
INV-H4-000175,0,,3231725,3231725,0.85
INV-H4-000176,0,,1732674,1732674,0.65
INV-H4-000177,0,,,3061075,0.40
INV-H4-000178,0,,,3878225,0.40
INV-H4-000179,0,,1998140,1998140,0.85
INV-H4-000180,0,,2976218,2976218,0.85
INV-H4-000181,0,,,1433750,0.40
INV-H4-000182,0,,,3573500,0.40
INV-H4-000183,0,,,3944406,0.40
INV-H4-000184,0,,,1978025,0.40
INV-H4-000185,0,,,3031025,0.40
INV-H4-000186,0,,3391488,3391488,0.65
INV-H4-000187,0,,,4163750,0.40
INV-H4-000188,0,,480600,480600,0.85
INV-H4-000189,0,,,2477850,0.40
INV-H4-000190,0,,4348650,4348650,0.65
INV-H4-000191,0,,,2686650,0.40
INV-H4-000192,0,,,3168856,0.40
INV-H4-000193,0,,,2231223,0.40
INV-H4-000194,0,,5330400,5330400,0.85
INV-H4-000195,0,,,2564800,0.40
INV-H4-000196,1,premium_incorrectly_applied|wrong_unit_basis|unit_price_mismatch,,2769483,0.40
INV-H4-000197,0,,,3709100,0.40
INV-H4-000198,0,,,892825,0.40
INV-H4-000199,0,,3183225,3183225,0.85
INV-H4-000200,0,,,2877375,0.40
INV-H4-000201,0,,875700,875700,0.85
INV-H4-000202,0,,1981900,1981900,0.85
INV-H4-000203,0,,1979184,1979184,0.85
INV-H4-000204,0,,,4171025,0.40
INV-H4-000205,0,,3493500,3493500,0.85
INV-H4-000206,0,,,1988225,0.40
INV-H4-000207,0,,,930000,0.40
INV-H4-000208,0,,,3600552,0.40
INV-H4-000209,0,,2321736,2321736,0.85
INV-H4-000210,0,,,5038300,0.40
INV-H4-000211,0,,,3056100,0.40
INV-H4-000212,0,,,2243138,0.40
INV-H4-000213,0,,,2984225,0.40
INV-H4-000214,0,,,3246025,0.40
INV-H4-000215,0,,604825,604825,0.85
INV-H4-000216,0,,,1973625,0.40
INV-H4-000217,1,unit_price_mismatch|volume_discount_incorrectly_applied,,2424724,0.40
INV-H4-000218,0,,,2091390,0.40
INV-H4-000219,0,,3351025,3351025,0.85
INV-H4-000220,0,,,4985275,0.40
INV-H4-000221,0,,,1251552,0.40
INV-H4-000222,0,,1049900,1049900,0.85
INV-H4-000223,0,,,2854625,0.40
INV-H4-000224,0,,1980323,1980323,0.65
INV-H4-000225,0,,,2624625,0.40
INV-H4-000226,1,line_total_arithmetic,,941750,0.85
INV-H4-000227,0,,,4035850,0.40
INV-H4-000228,0,,,2264805,0.40
INV-H4-000229,0,,,2680971,0.40
INV-H4-000230,0,,3617087,3617087,0.85
INV-H4-000231,0,,,4372475,0.40
INV-H4-000232,0,,,1930675,0.40
INV-H4-000233,0,,,2666630,0.40
INV-H4-000234,0,,,1089700,0.40
INV-H4-000235,1,contract_number_mismatch|exclusion_window_violation,1518150,1538350,0.65
INV-H4-000236,0,,,2297550,0.40
INV-H4-000237,0,,,3644221,0.40
INV-H4-000238,0,,1045225,1045225,0.85
INV-H4-000239,0,,,3914800,0.40
INV-H4-000240,0,,,2711979,0.40
INV-H4-000241,0,,,2652700,0.40
INV-H4-000242,0,,,4025602,0.40
INV-H4-000243,0,,1488475,1488475,0.85
INV-H4-000244,0,,,1335750,0.40
INV-H4-000245,0,,1497140,1497140,0.85
INV-H4-000246,0,,,2716947,0.40
INV-H4-000247,1,premium_incorrectly_applied,,3224198,0.40
INV-H4-000248,0,,,2382309,0.40
INV-H4-000249,0,,,2468650,0.40
INV-H4-000250,0,,,2665181,0.40
INV-H4-000251,0,,1327425,1327425,0.85
INV-H4-000252,0,,,2894100,0.40
INV-H4-000253,0,,985450,985450,0.65
INV-H4-000254,0,,,1369875,0.40
INV-H4-000255,0,,1882120,1882120,0.85
INV-H4-000256,0,,682700,682700,0.85
INV-H4-000257,0,,,3266665,0.40
INV-H4-000258,0,,1118825,1118825,0.85
INV-H4-000259,1,unit_price_mismatch|premium_incorrectly_applied,,4427913,0.40
INV-H4-000260,1,line_total_arithmetic|service_date_out_of_window,1682025,1657025,0.85
INV-H4-000261,0,,1789878,1789878,0.85
INV-H4-000262,0,,,2110186,0.40
INV-H4-000263,0,,1153981,1153981,0.65
INV-H4-000264,1,duplicate_invoice_id|premium_incorrectly_applied,,4696974,0.40
INV-H4-000265,0,,,4404590,0.40
INV-H4-000266,0,,,613575,0.40
INV-H4-000267,0,,,2593453,0.40
INV-H4-000268,0,,,977995,0.40
INV-H4-000269,0,,,3368618,0.40
INV-H4-000270,0,,,2654548,0.40
INV-H4-000271,0,,5044659,5044659,0.65
INV-H4-000272,0,,1856562,1856562,0.65
INV-H4-000273,0,,,1988640,0.40
INV-H4-000274,0,,1107275,1107275,0.85
INV-H4-000275,0,,,3175125,0.40
INV-H4-000276,0,,4113650,4113650,0.85
INV-H4-000277,0,,,3302165,0.40
INV-H4-000278,0,,,3446950,0.40
INV-H4-000279,0,,2072558,2072558,0.85
INV-H4-000280,0,,,2693475,0.40
INV-H4-000281,0,,1513905,1513905,0.85
INV-H4-000282,0,,1401500,1401500,0.85
INV-H4-000283,0,,,4108178,0.40
INV-H4-000284,0,,531900,531900,0.85
INV-H4-000285,1,unknown_service,,1044325,0.40
INV-H4-000286,0,,2054450,2054450,0.85
INV-H4-000287,0,,,3420900,0.40
INV-H4-000288,0,,,1085000,0.40
INV-H4-000289,0,,,4165533,0.40
INV-H4-000290,0,,,3406925,0.40
INV-H4-000291,0,,,2286450,0.40
INV-H4-000292,0,,1980000,1980000,0.85
INV-H4-000293,1,unit_price_mismatch,,3500841,0.40
INV-H4-000294,0,,,827525,0.40
INV-H4-000295,0,,,579025,0.40
INV-H4-000296,0,,1443230,1443230,0.85
INV-H4-000297,0,,,3398204,0.40
INV-H4-000298,0,,,2093400,0.40
INV-H4-000299,0,,,421750,0.40
INV-H4-000300,0,,,4207405,0.40
INV-H4-000301,0,,,1677800,0.40
INV-H4-000302,0,,,1454463,0.40
INV-H4-000304,0,,,4995628,0.40
INV-H4-000305,0,,,2221575,0.40
INV-H4-000306,0,,,2618850,0.40
INV-H4-000307,0,,,4621560,0.40
INV-H4-000308,0,,,2714544,0.40
INV-H4-000309,1,unknown_service|cross_invoice_duplicate,,3550818,0.40
INV-H4-000310,0,,1316020,1316020,0.85
INV-H4-000311,0,,,1972059,0.40
INV-H4-000312,0,,699500,699500,0.85
INV-H4-000313,0,,800725,800725,0.85
INV-H4-000314,0,,697175,697175,0.85
INV-H4-000315,0,,1699100,1699100,0.85
INV-H4-000316,0,,,4094625,0.40
INV-H4-000317,0,,2361575,2361575,0.85
INV-H4-000318,0,,,4698159,0.40
INV-H4-000319,0,,,1918250,0.40
INV-H4-000320,0,,2024262,2024262,0.85
INV-H4-000321,0,,,2786067,0.40
INV-H4-000322,0,,1402175,1402175,0.65
INV-H4-000323,1,invoice_total_mismatch,,1906175,0.85
INV-H4-000324,0,,,737415,0.40
INV-H4-000325,0,,,1768325,0.40
INV-H4-000326,0,,,3798200,0.40
INV-H4-000327,0,,1996725,1996725,0.65
INV-H4-000328,0,,917100,917100,0.85
INV-H4-000329,0,,,2992320,0.40
INV-H4-000330,0,,1330250,1330250,0.85
INV-H4-000331,0,,,4216333,0.40
INV-H4-000332,0,,,4836400,0.40
INV-H4-000333,0,,,999950,0.40
INV-H4-000334,0,,1071950,1071950,0.85
INV-H4-000335,0,,,2045545,0.40
INV-H4-000336,0,,,3783718,0.40
INV-H4-000337,0,,2762165,2762165,0.85
INV-H4-000338,0,,,3339125,0.40
INV-H4-000339,0,,2489370,2489370,0.85
INV-H4-000340,0,,572600,572600,0.85
INV-H4-000341,0,,5736706,5736706,0.85
INV-H4-000342,0,,,1868200,0.40
INV-H4-000343,0,,1048175,1048175,0.85
INV-H4-000344,0,,,2427031,0.40
INV-H4-000345,0,,,2320375,0.40
INV-H4-000346,0,,4225450,4225450,0.85
INV-H4-000347,0,,,1895670,0.40
INV-H4-000348,0,,,2813528,0.40
INV-H4-000349,0,,2307175,2307175,0.85
INV-H4-000350,0,,3278425,3278425,0.85
INV-H4-000351,0,,,5091100,0.40
INV-H4-000352,0,,,1914963,0.40
INV-H4-000353,0,,,981842,0.40
INV-H4-000354,0,,2357825,2357825,0.65
INV-H4-000355,1,premium_omitted|unit_price_mismatch,,2871831,0.40
INV-H4-000356,0,,1230034,1230034,0.85
INV-H4-000357,0,,,3397840,0.40
INV-H4-000358,0,,,5154605,0.40
INV-H4-000359,0,,1946150,1946150,0.85
INV-H4-000360,0,,,4291045,0.40
INV-H4-000361,0,,,4042944,0.40
INV-H4-000362,0,,,369425,0.40
INV-H4-000363,0,,,2873300,0.40
INV-H4-000364,0,,,2238755,0.40
INV-H4-000365,0,,1747290,1747290,0.85
INV-H4-000366,0,,,1394828,0.65
INV-H4-000367,0,,,2149531,0.40
INV-H4-000368,0,,,3021850,0.40
INV-H4-000369,0,,,2572650,0.40
INV-H4-000370,0,,1554128,1554128,0.85
INV-H4-000371,0,,,2884425,0.40
INV-H4-000372,0,,474575,474575,0.85
INV-H4-000373,0,,3625717,3625717,0.85
INV-H4-000374,0,,,2910580,0.40
INV-H4-000375,0,,1582750,1582750,0.85
INV-H4-000376,0,,462950,462950,0.85
INV-H4-000377,0,,,3124106,0.40
INV-H4-000378,0,,,3217278,0.40
INV-H4-000379,0,,1395600,1395600,0.85
INV-H4-000380,0,,,2664950,0.40
INV-H4-000381,0,,2177615,2177615,0.85
INV-H4-000382,0,,781425,781425,0.85
INV-H4-000383,0,,,6154400,0.40
INV-H4-000384,0,,,3817812,0.40
INV-H4-000385,0,,,3064130,0.40
INV-H4-000386,0,,,3023171,0.40
INV-H4-000387,0,,,2340374,0.65
INV-H4-000388,0,,,3044800,0.40
INV-H4-000389,0,,,935125,0.40
INV-H4-000390,0,,621475,621475,0.85
INV-H4-000391,1,service_date_after_invoice_date,,1528764,0.85
INV-H4-000392,0,,1904013,1904013,0.85
INV-H4-000393,0,,,4520912,0.40
INV-H4-000394,0,,3995850,3995850,0.65
INV-H4-000395,0,,,4153581,0.40
INV-H4-000396,0,,,4456925,0.40
INV-H4-000397,0,,,4650248,0.40
INV-H4-000398,0,,,2575550,0.40
INV-H4-000399,0,,,1243755,0.40
INV-H4-000400,0,,,1668400,0.40
INV-H4-000401,0,,,2864175,0.40
INV-H4-000402,0,,,3624065,0.40
INV-H4-000403,0,,1411800,1411800,0.85
INV-H4-000404,0,,1310900,1310900,0.85
INV-H4-000405,0,,,5486439,0.40
INV-H4-000406,0,,,2188067,0.40
INV-H4-000407,0,,,4216218,0.40
INV-H4-000408,0,,2092935,2092935,0.85
INV-H4-000409,0,,,1705759,0.40
INV-H4-000410,0,,,2163081,0.40
INV-H4-000411,0,,3196895,3196895,0.65
INV-H4-000412,0,,3938725,3938725,0.85
INV-H4-000413,0,,,2280850,0.40
INV-H4-000414,0,,,2775659,0.40
INV-H4-000415,0,,,1690850,0.40
INV-H4-000416,0,,,5159604,0.40
INV-H4-000417,0,,,1244125,0.40
INV-H4-000419,0,,,1571162,0.40
INV-H4-000420,0,,,5508974,0.40
INV-H4-000421,0,,,4161435,0.40
INV-H4-000422,0,,,3513640,0.40
INV-H4-000423,0,,749180,749180,0.85
INV-H4-000424,0,,,4621760,0.40
INV-H4-000425,0,,,2500834,0.40
INV-H4-000426,0,,,4417800,0.40
INV-H4-000427,0,,1194800,1194800,0.85
INV-H4-000428,0,,1387328,1387328,0.85
INV-H4-000429,0,,,4444055,0.40
INV-H4-000430,0,,1742210,1742210,0.85
INV-H4-000431,1,duplicate_invoice_id|exclusion_window_violation,,1837700,0.40
INV-H4-000432,0,,1615914,1615914,0.85
INV-H4-000433,0,,,5004761,0.40
INV-H4-000434,0,,,1919075,0.40
INV-H4-000435,0,,2717875,2717875,0.85
INV-H4-000436,0,,2114075,2114075,0.85
INV-H4-000437,0,,,2159768,0.40
INV-H4-000438,0,,,5005975,0.40
INV-H4-000439,0,,,2091075,0.40
INV-H4-000440,0,,1999100,1999100,0.85
INV-H4-000441,0,,,2691882,0.40
INV-H4-000442,0,,,2556305,0.40
INV-H4-000443,0,,,1949435,0.40
INV-H4-000444,0,,,1312964,0.40
INV-H4-000445,1,service_date_out_of_window,,3669725,0.85
INV-H4-000446,0,,1815828,1815828,0.85
INV-H4-000447,0,,2036000,2036000,0.85
INV-H4-000448,0,,,3450611,0.40
INV-H4-000449,0,,,2992325,0.40
INV-H4-000450,0,,,4647850,0.40
INV-H4-000451,0,,,1500000,0.40
INV-H4-000452,0,,,4114000,0.40
INV-H4-000453,0,,,956575,0.40
INV-H4-000454,0,,2528295,2528295,0.65
INV-H4-000455,0,,4005775,4005775,0.85
INV-H4-000456,0,,,1901874,0.40
INV-H4-000457,0,,,4982560,0.40
INV-H4-000458,1,unknown_service|cross_invoice_duplicate,,1395600,0.40
INV-H4-000459,0,,,2130148,0.40
INV-H4-000460,0,,1423623,1423623,0.85
INV-H4-000461,0,,,2918700,0.40
INV-H4-000462,0,,,3127525,0.40
INV-H4-000463,0,,,3150348,0.40
INV-H4-000464,0,,1815325,1815325,0.85
INV-H4-000465,0,,813125,813125,0.85
INV-H4-000466,0,,2165475,2165475,0.85
INV-H4-000467,0,,1033045,1033045,0.85
INV-H4-000468,0,,1610125,1610125,0.85
INV-H4-000469,0,,4726099,4726099,0.85
INV-H4-000470,0,,,1962575,0.40
INV-H4-000471,0,,,3388150,0.40
INV-H4-000472,0,,,319075,0.40
INV-H4-000473,1,wrong_unit_basis|cross_invoice_duplicate|exclusion_window_violation,948675,2150500,0.65
INV-H4-000474,0,,,2328512,0.40
INV-H4-000475,0,,,2846850,0.40
INV-H4-000476,0,,,3369415,0.40
INV-H4-000477,0,,,3786510,0.40
INV-H4-000478,0,,,745480,0.40
INV-H4-000479,0,,2276637,2276637,0.65
INV-H4-000480,0,,,3637753,0.40
INV-H4-000481,0,,,4942445,0.40
INV-H4-000482,0,,,1482230,0.40
INV-H4-000483,1,invoice_total_mismatch|daily_cap_exceeded|volume_discount_omitted,1452965,1702575,0.65
INV-H4-000484,0,,,1817505,0.40
INV-H4-000485,0,,,3201339,0.40
INV-H4-000486,0,,1222350,1222350,0.85
INV-H4-000487,0,,,2159000,0.40
INV-H4-000488,0,,,2643175,0.40
INV-H4-000489,0,,,2629490,0.40
INV-H4-000490,0,,,3143875,0.40
INV-H4-000491,0,,2202350,2202350,0.85
INV-H4-000492,0,,,1855775,0.40
INV-H4-000493,0,,,518750,0.40
INV-H4-000494,0,,3132199,3132199,0.65
INV-H4-000495,0,,,3619538,0.40
INV-H4-000496,0,,,3774484,0.40
INV-H4-000497,0,,,1524750,0.40
INV-H4-000498,0,,,961550,0.40
INV-H4-000499,0,,,3995805,0.40
INV-H4-000500,0,,1513950,1513950,0.85
INV-H4-000501,0,,4523518,4523518,0.85
INV-H4-000502,0,,,1999135,0.40
INV-H4-000503,0,,1712225,1712225,0.85
INV-H4-000504,1,contract_number_mismatch|invoice_total_mismatch|wrong_unit_basis,,995875,0.40
INV-H4-000505,0,,,869100,0.40
INV-H4-000506,0,,,2175025,0.40
INV-H4-000507,0,,,2749023,0.40
INV-H4-000508,0,,,3608187,0.40
INV-H4-000509,0,,,4767372,0.40
INV-H4-000510,0,,,2136925,0.40
INV-H4-000511,0,,4246950,4246950,0.85
INV-H4-000512,0,,,4873980,0.40
INV-H4-000513,0,,,1561425,0.40
INV-H4-000514,0,,,4107575,0.40
INV-H4-000515,0,,,2782225,0.40
INV-H4-000516,0,,,3061500,0.40
INV-H4-000518,0,,4478075,4478075,0.85
INV-H4-000519,0,,,1958225,0.40
INV-H4-000520,0,,,2382850,0.40
INV-H4-000521,0,,3804725,3804725,0.85
INV-H4-000522,0,,,4733237,0.40
INV-H4-000523,0,,,4206639,0.40
INV-H4-000524,0,,,3601709,0.40
INV-H4-000525,0,,1219975,1219975,0.85
INV-H4-000526,0,,3121875,3121875,0.65
INV-H4-000527,0,,1093975,1093975,0.85
INV-H4-000528,1,bundle_not_applied|malformed_service_date|volume_discount_omitted,,4855400,0.65
INV-H4-000529,0,,,3951350,0.40
INV-H4-000530,0,,,1279875,0.40
INV-H4-000531,0,,,3067035,0.40
INV-H4-000532,0,,,4765600,0.40
INV-H4-000533,0,,,2634137,0.40
INV-H4-000534,0,,,3648900,0.40
INV-H4-000535,0,,1740400,1740400,0.85
INV-H4-000536,0,,,4072209,0.40
INV-H4-000537,0,,,3505975,0.40
INV-H4-000538,0,,,4808825,0.40
INV-H4-000539,0,,,2899642,0.40
INV-H4-000540,1,contract_number_mismatch|daily_cap_exceeded,2120125,2195250,0.65
INV-H4-000541,1,wrong_unit_basis,,508925,0.40
INV-H4-000542,0,,,3515306,0.40
INV-H4-000543,0,,2661825,2661825,0.85
INV-H4-000544,0,,,850425,0.40
INV-H4-000545,0,,2188725,2188725,0.65
INV-H4-000546,0,,,5170740,0.40
INV-H4-000547,0,,,2848500,0.40
INV-H4-000548,0,,,2150750,0.40
INV-H4-000549,0,,1314045,1314045,0.65
INV-H4-000550,0,,,2718675,0.40
INV-H4-000551,0,,,4726470,0.40
INV-H4-000552,0,,2613670,2613670,0.65
INV-H4-000553,0,,,1389823,0.40
INV-H4-000554,1,invoice_total_mismatch|daily_cap_exceeded,3465160,3608010,0.65
INV-H4-000555,0,,3037600,3037600,0.65
INV-H4-000556,0,,2462025,2462025,0.85
INV-H4-000557,0,,885100,885100,0.85
INV-H4-000558,0,,,780300,0.40
INV-H4-000559,0,,,2734650,0.40
INV-H4-000560,0,,1908715,1908715,0.85
INV-H4-000561,0,,,2180950,0.40
INV-H4-000562,0,,,3083459,0.40
INV-H4-000563,0,,,2708470,0.40
INV-H4-000564,0,,,7493231,0.40
INV-H4-000565,0,,2389019,2389019,0.85
INV-H4-000566,0,,,1810875,0.40
INV-H4-000567,0,,,4243042,0.40
INV-H4-000568,0,,3273649,3273649,0.85
INV-H4-000569,0,,1209815,1209815,0.85
INV-H4-000570,0,,,2001370,0.40
INV-H4-000571,0,,,3271200,0.40
INV-H4-000572,0,,,3946500,0.40
INV-H4-000573,0,,,2637500,0.40
INV-H4-000574,0,,2526375,2526375,0.85
INV-H4-000575,0,,,3853715,0.40
INV-H4-000576,1,malformed_service_date|bundle_not_applied|daily_cap_exceeded,,5976355,0.40
INV-H4-000577,0,,4553440,4553440,0.85
INV-H4-000578,0,,2235025,2235025,0.85
INV-H4-000579,0,,,2424905,0.40
INV-H4-000580,0,,1117339,1117339,0.85
INV-H4-000581,1,volume_discount_omitted,2268205,2302975,0.65
INV-H4-000582,0,,,4708705,0.40
INV-H4-000583,1,bundle_not_applied|unit_price_mismatch,819575,947375,0.65
INV-H4-000584,0,,,1647943,0.40
INV-H4-000585,0,,,1713400,0.40
INV-H4-000586,0,,,444550,0.40
INV-H4-000587,0,,,2443681,0.40
INV-H4-000588,0,,,1840275,0.40
INV-H4-000589,0,,,3425185,0.40
INV-H4-000590,0,,,3595040,0.40
INV-H4-000591,0,,,1112500,0.40
INV-H4-000592,0,,,4009573,0.40
INV-H4-000593,0,,,3851318,0.40
INV-H4-000594,0,,1837253,1837253,0.85
INV-H4-000595,0,,,2082855,0.40
INV-H4-000596,0,,,2855821,0.40
INV-H4-000597,0,,2486830,2486830,0.85
INV-H4-000598,0,,,4099350,0.40
INV-H4-000599,0,,2096500,2096500,0.85
INV-H4-000600,0,,,3565575,0.40
INV-H4-000601,0,,,3781810,0.40
INV-H4-000602,0,,,2142825,0.40
INV-H4-000603,0,,,3770800,0.40
INV-H4-000604,0,,1621650,1621650,0.85
INV-H4-000605,0,,3585475,3585475,0.85
INV-H4-000606,0,,,1507055,0.40
INV-H4-000607,1,duplicate_invoice_id,1108400,1108400,0.85
INV-H4-000608,0,,,1664239,0.40
INV-H4-000609,1,daily_cap_exceeded,,5398250,0.40
INV-H4-000610,1,bundle_not_applied|line_total_arithmetic,4533825,4561975,0.65
INV-H4-000611,0,,3332930,3332930,0.85
INV-H4-000612,0,,,2471840,0.40
INV-H4-000613,0,,,2217730,0.40
INV-H4-000614,0,,4461675,4461675,0.85
INV-H4-000615,0,,,4244409,0.40
INV-H4-000616,0,,3279536,3279536,0.65
INV-H4-000617,0,,2334775,2334775,0.85
INV-H4-000618,0,,,3254675,0.40
INV-H4-000619,0,,3328475,3328475,0.85
INV-H4-000620,0,,1083025,1083025,0.85
INV-H4-000621,0,,1560911,1560911,0.85
INV-H4-000622,0,,,1257650,0.40
INV-H4-000623,0,,884450,884450,0.85
INV-H4-000624,1,premium_omitted,,2910328,0.40
INV-H4-000625,0,,1569900,1569900,0.85
INV-H4-000626,0,,3093825,3093825,0.65
INV-H4-000627,0,,,969075,0.40
INV-H4-000628,0,,,3304380,0.40
INV-H4-000629,0,,2322425,2322425,0.85
INV-H4-000630,0,,,3730150,0.40
INV-H4-000631,0,,,562550,0.40
INV-H4-000632,0,,,1680900,0.40
INV-H4-000633,0,,1744140,1744140,0.85
INV-H4-000634,0,,1176432,1176432,0.85
INV-H4-000635,0,,,2084625,0.40
INV-H4-000636,0,,,4257325,0.40
INV-H4-000637,0,,1806775,1806775,0.65
INV-H4-000638,0,,,2369312,0.40
INV-H4-000639,0,,1240762,1240762,0.85
INV-H4-000640,0,,,2887285,0.40
INV-H4-000641,0,,,2581878,0.40
INV-H4-000642,0,,1023125,1023125,0.85
INV-H4-000643,0,,,3115925,0.40
INV-H4-000644,0,,,4183193,0.40
INV-H4-000645,1,premium_omitted|unit_price_mismatch,,2403195,0.40
INV-H4-000646,0,,,3805850,0.40
INV-H4-000647,0,,,2026415,0.40
INV-H4-000648,1,volume_discount_omitted|unit_price_mismatch|wrong_unit_basis,1764143,1874237,0.65
INV-H4-000649,0,,,2106550,0.40
INV-H4-000650,0,,2116750,2116750,0.85
INV-H4-000651,0,,,977050,0.40
INV-H4-000652,0,,,1492585,0.40
INV-H4-000653,0,,,2666650,0.40
INV-H4-000654,0,,,3748150,0.40
INV-H4-000655,0,,,4162200,0.40
INV-H4-000656,0,,1691450,1691450,0.85
INV-H4-000657,0,,,4346156,0.40
INV-H4-000658,1,wrong_unit_basis|unit_price_mismatch|exclusion_window_violation,,3976687,0.40
INV-H4-000659,0,,,2713235,0.40
INV-H4-000660,0,,2015770,2015770,0.85
INV-H4-000661,0,,3400815,3400815,0.85
INV-H4-000662,0,,,1487887,0.40
INV-H4-000663,0,,,1160487,0.40
INV-H4-000664,0,,,4715005,0.40
INV-H4-000665,1,premium_omitted|bundle_not_applied,,3833775,0.40
INV-H4-000666,0,,,2705900,0.40
INV-H4-000667,0,,1037685,1037685,0.85
INV-H4-000668,0,,,3767380,0.40
INV-H4-000669,0,,2036050,2036050,0.85
INV-H4-000670,0,,2221300,2221300,0.85
INV-H4-000671,0,,2843843,2843843,0.85
INV-H4-000672,0,,,1800325,0.40
INV-H4-000673,0,,,3223381,0.40
INV-H4-000674,0,,2906505,2906505,0.85
INV-H4-000675,0,,,1600225,0.40
INV-H4-000676,0,,,2990973,0.40
INV-H4-000677,0,,2040712,2040712,0.85
INV-H4-000678,1,malformed_service_date|service_date_after_invoice_date,,3039017,0.85
INV-H4-000679,0,,,3569404,0.40
INV-H4-000680,0,,3846725,3846725,0.65
INV-H4-000681,0,,,2447300,0.40
INV-H4-000682,0,,,2394425,0.40
INV-H4-000683,0,,3566465,3566465,0.85
INV-H4-000684,0,,2758763,2758763,0.85
INV-H4-000685,0,,888575,888575,0.85
INV-H4-000686,0,,993150,993150,0.65
INV-H4-000687,0,,2130175,2130175,0.85
INV-H4-000688,0,,2147980,2147980,0.85
INV-H4-000689,0,,311150,311150,0.85
INV-H4-000690,0,,,2240395,0.40
INV-H4-000691,1,service_date_after_invoice_date|wrong_unit_basis|bundle_not_applied,,4074340,0.40
INV-H4-000692,1,unit_price_mismatch|premium_omitted,862739,852437,0.65
INV-H4-000693,1,service_date_out_of_window|cross_invoice_duplicate,,1856825,0.40
INV-H4-000694,0,,2726750,2726750,0.85
INV-H4-000695,0,,,2497850,0.40
INV-H4-000696,0,,,3217300,0.40
INV-H4-000697,0,,654798,654798,0.85
INV-H4-000698,0,,2551180,2551180,0.65
INV-H4-000699,0,,,2322125,0.40
INV-H4-000700,1,unknown_service|malformed_service_date,,1300625,0.40
INV-H4-000701,0,,3883275,3883275,0.65
INV-H4-000702,0,,,3624763,0.40
INV-H4-000703,0,,,1270725,0.40
INV-H4-000704,0,,,2061525,0.40
INV-H4-000705,0,,3597659,3597659,0.85
INV-H4-000706,0,,,3315425,0.40
INV-H4-000707,0,,,3779025,0.40
INV-H4-000708,0,,,1879075,0.40
INV-H4-000709,0,,,4613225,0.40
INV-H4-000710,0,,,508550,0.40
INV-H4-000711,0,,,4676031,0.40
INV-H4-000712,0,,,2480463,0.40
INV-H4-000713,0,,2609056,2609056,0.65
INV-H4-000714,0,,,1716180,0.40
INV-H4-000715,0,,,3523710,0.40
INV-H4-000716,0,,,2696280,0.40
INV-H4-000717,0,,475025,475025,0.85
INV-H4-000718,0,,1570300,1570300,0.85
INV-H4-000719,1,line_total_arithmetic,,2370128,0.85
INV-H4-000720,0,,,576907,0.40
INV-H4-000721,0,,3096676,3096676,0.85
INV-H4-000722,0,,4852900,4852900,0.85
INV-H4-000723,0,,,3752837,0.40
INV-H4-000724,1,wrong_unit_basis|bundle_not_applied|service_date_out_of_window,,3060765,0.40
INV-H4-000725,0,,,2760625,0.40
INV-H4-000726,0,,,2226275,0.40
INV-H4-000727,0,,,3550960,0.40
INV-H4-000728,0,,988325,988325,0.85
INV-H4-000729,0,,3571570,3571570,0.65
INV-H4-000730,0,,3828225,3828225,0.85
INV-H4-000731,0,,1739600,1739600,0.85
INV-H4-000732,0,,2127850,2127850,0.85
INV-H4-000733,0,,,1170500,0.40
INV-H4-000734,0,,,1957634,0.40
INV-H4-000735,0,,402050,402050,0.85
INV-H4-000736,0,,,1610150,0.40
INV-H4-000737,0,,2255325,2255325,0.85
INV-H4-000738,0,,1984399,1984399,0.85
INV-H4-000739,0,,,5045945,0.40
INV-H4-000740,0,,3097325,3097325,0.85
INV-H4-000741,0,,,3319825,0.40
INV-H4-000742,0,,,2724195,0.40
INV-H4-000743,0,,3407070,3407070,0.65
INV-H4-000744,0,,2601325,2601325,0.85
INV-H4-000745,0,,1792890,1792890,0.85
INV-H4-000746,0,,,3566609,0.40
INV-H4-000747,0,,,805650,0.40
INV-H4-000748,0,,1131650,1131650,0.85
INV-H4-000749,0,,,3224700,0.40
INV-H4-000750,0,,,1496250,0.40
INV-H4-000751,0,,2840731,2840731,0.85
INV-H4-000752,0,,990930,990930,0.85
INV-H4-000753,0,,3517100,3517100,0.85
INV-H4-000754,0,,,2006700,0.40
INV-H4-000755,0,,2406204,2406204,0.85
INV-H4-000756,0,,3326915,3326915,0.85
INV-H4-000757,0,,,1616780,0.40
INV-H4-000758,0,,,3047730,0.40
INV-H4-000759,0,,,2824475,0.40
INV-H4-000760,0,,,2061425,0.40
INV-H4-000761,0,,,3057850,0.40
INV-H4-000762,0,,,1098550,0.40
INV-H4-000763,0,,,3228059,0.40
INV-H4-000764,0,,4144255,4144255,0.85
INV-H4-000765,0,,2605360,2605360,0.65
INV-H4-000766,0,,2817475,2817475,0.65
INV-H4-000767,0,,,2274835,0.40
INV-H4-000768,0,,,1314300,0.40
INV-H4-000769,0,,,1986350,0.40
INV-H4-000770,0,,,2739165,0.40
INV-H4-000771,0,,1482775,1482775,0.85
INV-H4-000772,0,,4537660,4537660,0.85
INV-H4-000773,0,,,2910695,0.40
INV-H4-000774,0,,,1531025,0.40
INV-H4-000775,0,,,974850,0.40
INV-H4-000776,0,,,3020525,0.40
INV-H4-000777,1,volume_discount_omitted,,5973150,0.40
INV-H4-000778,0,,,1645675,0.40
INV-H4-000779,0,,2932852,2932852,0.65
INV-H4-000780,0,,,2060075,0.40
INV-H4-000781,0,,,5140475,0.40
INV-H4-000782,0,,,3270350,0.40
INV-H4-000783,0,,,1637150,0.40
INV-H4-000784,0,,,5672100,0.40
INV-H4-000785,0,,,1734650,0.40
INV-H4-000786,0,,,3089870,0.40
INV-H4-000788,0,,,1575550,0.40
INV-H4-000789,0,,,4974786,0.40
INV-H4-000790,0,,1579048,1579048,0.85
INV-H4-000791,0,,,4221708,0.40
INV-H4-000792,0,,2301500,2301500,0.85
INV-H4-000793,0,,,2204775,0.40
INV-H4-000794,0,,,785665,0.40
INV-H4-000795,1,unknown_service,,5008875,0.40
INV-H4-000796,0,,2077075,2077075,0.85
INV-H4-000797,0,,2429475,2429475,0.85
INV-H4-000798,0,,,3689755,0.40
INV-H4-000799,0,,,2573075,0.40
INV-H4-000800,0,,1103000,1103000,0.85
INV-H4-000801,0,,933981,933981,0.85
INV-H4-000802,0,,3248500,3248500,0.85
INV-H4-000803,0,,,1133514,0.40
INV-H4-000804,0,,,3283325,0.40
INV-H4-000805,0,,,3568400,0.40
INV-H4-000806,0,,,1996500,0.40
INV-H4-000807,0,,,3458819,0.40
INV-H4-000808,0,,,4322513,0.40
INV-H4-000809,0,,,1522809,0.40
INV-H4-000810,0,,,2774093,0.40
INV-H4-000811,0,,,367825,0.40
INV-H4-000812,0,,5447044,5447044,0.85
INV-H4-000813,0,,,3503740,0.40
INV-H4-000814,0,,,3118300,0.40
INV-H4-000815,0,,,3135844,0.40
INV-H4-000816,0,,3280925,3280925,0.85
INV-H4-000817,0,,2182000,2182000,0.65
INV-H4-000818,0,,,3531472,0.40
INV-H4-000819,0,,,3072630,0.40
INV-H4-000820,0,,,2766785,0.40
INV-H4-000821,0,,1685850,1685850,0.85
INV-H4-000822,0,,,2784216,0.40
INV-H4-000823,0,,,2781425,0.40
INV-H4-000824,0,,4084125,4084125,0.85
INV-H4-000825,0,,,1076650,0.40
INV-H4-000826,0,,1664025,1664025,0.85
INV-H4-000827,0,,,5327380,0.40
INV-H4-000828,0,,,3552875,0.40
INV-H4-000829,0,,,1610375,0.40
INV-H4-000830,0,,,2539580,0.40
INV-H4-000831,0,,2170420,2170420,0.85
INV-H4-000832,0,,,2143525,0.40
INV-H4-000833,0,,,2619940,0.40
INV-H4-000834,0,,2226125,2226125,0.85
INV-H4-000835,0,,,3111550,0.40
INV-H4-000836,0,,4279600,4279600,0.85
INV-H4-000837,0,,1498275,1498275,0.65
INV-H4-000838,0,,1373870,1373870,0.85
INV-H4-000840,0,,,3187825,0.40
